충전소명,충전소위치상세,설치시도명,휴점일,이용가능시작시각,이용가능종료시각,완속충전가능여부,급속충전가능여부,급속충전타입구분,완속충전기대수,급속충전기대수,주차료부과여부,소재지도로명주소,소재지지번주소,관리업체명,관리업체전화번호,위도,경도,데이터기준일자
청평면사무소,외부 주차장,경기도,연중무휴,00:00,24:00,N,Y,DC차데모+AC3상+DC콤보,0,1,N,경기도 가평군 청평면 은고개로 19,경기도 가평군 청평면 청평리 333-1번지,한국자동차 환경협회,1661-9408,37.7404626,127.4241417,2019-05-14
가평군청,외부 주차장,경기도,연중무휴,00:00,24:00,N,Y,DC차데모+AC3상+DC콤보,0,1,N,경기도 가평군 가평읍 석봉로 181,경기도 가평군 가평읍 읍내리 513번지,한국자동차 환경협회,1661-9408,37.8310576,127.509531,2019-05-14
가평읍사무소,외부 주차장,경기도,연중무휴,00:00,24:00,N,Y,DC차데모+AC3상+DC콤보,0,1,N,경기도 가평군 가평읍 가화로 62,경기도 가평군 가평읍 읍내리 366번지,한국전기차충전서비스,1522-1782,37.8253638,127.5165387,2019-05-14
가평환경성질환 예방관리센터,외부 주차장,경기도,연중무휴,00:00,24:00,N,Y,DC차데모+AC3상+DC콤보,0,1,N,경기도 가평군 상면 수목원로 300-56,경기도 가평군 상면 행현리 696번지,한국자동차 환경협회,1661-9408,37.7696008,127.332899,2019-05-14
조종면사무소,외부 주차장,경기도,연중무휴,00:00,24:00,N,Y,DC차데모+AC3상+DC콤보,0,1,N,경기도 가평군 조종면 조종내길 71,경기도 가평군 조종면 현리 567-7번지,한국전력,1899-2100,37.8177213,127.3531875,2019-05-14
상면사무소,외부 주차장,경기도,연중무휴,00:00,24:00,N,Y,DC차데모+AC3상+DC콤보,0,1,N,경기도 가평군 상면 청군로 1105,경기도 가평군 상면 연하리 171-1번지,한국전력,1899-2100,37.8047464,127.3571545,2019-05-14
가평군농업기술센터,외부 주차장,경기도,연중무휴,00:00,24:00,N,Y,DC차데모+AC3상+DC콤보,0,1,N,경기도 가평군 가평읍 아랫마장길 59,경기도 가평군 가평읍 승안리 100번지,지엔텔,1544-4297,37.8461842,127.4978147,2019-05-14
설악면사무소,외부 주차장,경기도,연중무휴,00:00,24:00,N,Y,DC차데모+AC3상+DC콤보,0,1,N,경기도 가평군 설악면 한서로 8,경기도 가평군 설악면 신천리 156-1번지,한국전력,1899-2100,37.6762190,127.4947045,2019-05-14
고양시 이마트(일산점),본관B2층 G6구역,경기도,연중무휴,00:00,24:00,Y,N,듀얼타입,2,0,N,경기도 고양시 일산동구 중앙로 1124,경기도 고양시 일산동구 백석동 1194번지 흰돌마을1단지아파트,포스코ICT,1600-4047,37.64808727,126.7822564,2019-06-19
능곡주민센터,지상1층주차장,경기도,연중무휴,00:00,24:00,N,Y,듀얼타입,0,1,N,경기도 고양시 덕양구 토당로 83,경기도 고양시 덕양구 토당동 335-4번지,한국전력공사,1661-9408,37.62269327,126.8180348,2019-06-19
고양시 이마트(화정점),본관4층 1구역,경기도,연중무휴,00:00,24:00,Y,N,듀얼타입,2,0,N,경기도 고양시 덕양구 백양로 79,경기도 고양시 덕양구 화정동 976번지,포스코ICT,1600-4047,37.632612,126.8333997,2019-06-19
고양시 이마트(덕이점),본관2층 C6구역,경기도,연중무휴,00:00,24:00,Y,N,듀얼타입,2,0,N,경기도 고양시 일산서구 경의로 798,경기도 고양시 일산서구 덕이동 205번지,포스코ICT,1600-4047,37.68850224,126.7603068,2019-06-19
덕양구청 주차장,입구 좌측,경기도,연중무휴,00:00,24:00,N,Y,듀얼타입,0,1,N,경기도 고양시 덕양구 화중로104번길 13,경기도 고양시 덕양구 화정동 955번지,한국자동차환경협회,1661-9409,37.63746533,126.8322924,2019-06-19
한국전력공사 고양지사,1층주차장,경기도,연중무휴,00:00,24:00,Y,Y,듀얼타입,7,2,N,경기도 고양시 일산동구 장백로 39,경기도 고양시 일산동구 백석동 1310번지,한국전력공사,1661-9408,37.64138324,126.7877961,2019-06-19
백석2공영주차장,지상1층주차장,경기도,연중무휴,00:00,24:00,N,Y,듀얼타입,0,1,N,경기도 고양시 일산동구 장백로 15-7,경기도 고양시 일산동구 백석동 1315번지,한국전기차충전서비스,1522-1782,37.63962374,126.7893737,2019-06-19
백석1공영주차장,지상1층주차장,경기도,연중무휴,00:00,24:00,N,Y,듀얼타입,0,1,N,경기도 고양시 일산동구 장백로 31-12,경기도 고양시 일산동구 백석동 1311번지,에스트래픽,080-805-0010,37.64058987,126.7875174,2019-06-19
성사2공영주차장,지상1층주차장,경기도,연중무휴,00:00,24:00,N,Y,듀얼타입,0,1,N,,경기도 고양시 덕양구 성사동 721,한국전기차충전서비스,1522-1782,37.65319829,126.8386118,2019-06-19
화정환승공영주차장,지상1층주차장,경기도,연중무휴,00:00,24:00,N,Y,듀얼타입,0,1,N,경기도 고양시 덕양구 화정로 지하 63,경기도 고양시 덕양구 화정동 963번지,한국전력공사,1661-9408,37.63495085,126.8330457,2019-06-19
여성회관(행신동),지상1층주차장,경기도,연중무휴,00:00,24:00,N,Y,듀얼타입,0,1,N,경기도 고양시 덕양구 용현로 48,경기도 고양시 덕양구 행신동 774번지,한국전력공사,1661-9408,37.61725991,126.8362024,2019-06-19
롯데마트 주엽점,지하주차장 2층 210구역,경기도,연중무휴,00:00,24:00,N,Y,듀얼타입,0,1,N,경기도 고양시 일산서구 중앙로 1496,경기도 고양시 일산서구 주엽동 15번지 문촌마을11단지아파트,한국자동차환경협회,1661-9408,37.67318966,126.7552416,2019-06-19
롯데마트 고양점,지상주차장 4층 422구역,경기도,연중무휴,00:00,24:00,N,Y,듀얼타입,0,1,N,경기도 고양시 덕양구 충장로 150,경기도 고양시 덕양구 행신동 941번지,한국자동차환경협회,1661-9408,37.62518851,126.836162,2019-06-19
고양종합운동장 부설주차장,대형주차장 왼쪽도로변,경기도,연중무휴,00:00,24:00,N,Y,듀얼타입,0,1,N,경기도 고양시 일산서구 중앙로 1601,경기도 고양시 일산서구 대화동 2320번지,한국자동차환경협회,1661-9409,37.6764217,126.7430656,2019-06-19
롯데마트 화정점,2층주차장 입구 정면,경기도,연중무휴,00:00,24:00,N,Y,듀얼타입,0,1,N,경기도 고양시 덕양구 화중로 66,경기도 고양시 덕양구 화정동 982번지,한국자동차환경협회,1661-9408,37.63294793,126.8311243,2019-06-19
고양시 이마트(타운킨텍스점),지하2층,경기도,연중무휴,00:00,24:00,Y,N,듀얼타입,5,0,N,경기도 고양시 일산서구 킨텍스로 171,경기도 고양시 일산서구 대화동 2703번지,포스코ICT,1600-4047,37.66158296,126.7440642,2019-06-19
킨텍스 공영주차장,지상1층주차장,경기도,연중무휴,00:00,24:00,Y,Y,듀얼타입,2,1,N,경기도 고양시 일산서구 킨텍스로 237-18,경기도 고양시 일산서구 대화동 2600-4번지,한국전기차충전서비스,1522-1782,37.66719771,126.7473409,2019-06-19
고양시청,주차장 입구 전 우측,경기도,연중무휴,00:00,24:00,N,Y,듀얼타입,0,1,N,경기도 고양시 덕양구 고양시청로 10,경기도 고양시 덕양구 주교동 600번지,한국자동차환경협회,1661-9408,37.658415,126.831961,2019-06-19
일산동구청,주차장 좌측,경기도,연중무휴,00:00,24:00,N,Y,듀얼타입,0,1,N,경기도 고양시 일산동구 중앙로 1256,경기도 고양시 일산동구 마두동 815번지,한국자동차환경협회,1661-9408,37.65888174,126.7749581,2019-06-19
고양시 이마트(풍산점),본관6층 A구역,경기도,연중무휴,00:00,24:00,Y,N,듀얼타입,1,0,N,경기도 고양시 일산동구 무궁화로 237,경기도 고양시 일산동구 중산동 1809번지,포스코ICT,1600-4047,37.6738534,126.7871414,2019-06-19
주교1공영주차장,지상1층주차장,경기도,연중무휴,00:00,24:00,N,Y,듀얼타입,0,1,N,경기도 고양시 덕양구 고양대로 1330,경기도 고양시 덕양구 주교동 206-1번지,한국전기차충전서비스,1522-1782,37.65559958,126.8317801,2019-06-19
탄현제5공용주차장,지상1층주차장,경기도,연중무휴,00:00,24:00,N,Y,듀얼타입,0,1,N,,경기도 고양시 일산서구 탄현동 1489,지엔텔,1544-4279,37.69438014,126.7690174,2019-06-19
원당환승주차장,지상1층주차장,경기도,연중무휴,00:00,24:00,Y,Y,듀얼타입,1,1,N,경기도 고양시 덕양구 호국로790번길 102,경기도 고양시 덕양구 성사동 394번지,한국전기차충전서비스,1522-1782,37.65408443,126.8410987,2019-06-19
한국건설기술연구원,지상1층주차장,경기도,연중무휴,00:00,24:00,Y,Y,듀얼타입,2,1,N,경기도 고양시 일산서구 고양대로 315,경기도 고양시 일산서구 대화동 2311번지,한국전력공사,1661-9408,37.67211452,126.7395484,2019-06-19
고양종합터미널환승주차장,지상1층주차장,경기도,연중무휴,00:00,24:00,N,Y,듀얼타입,0,1,N,경기도 고양시 일산동구 중앙로 1036,경기도 고양시 일산동구 백석동 1242번지,한국전력공사,1661-9408,37.64317774,126.7896628,2019-06-19
고양시 원마운트,1주차장 입구,경기도,연중무휴,00:00,24:00,Y,N,듀얼타입,3,0,N,경기도 고양시 일산서구 한류월드로 300,경기도 고양시 일산서구 대화동 2606번지,포스코ICT,1600-4047,37.6645532,126.7545265,2019-06-19
별양동1 공영주차장,경기도 과천시 중앙로 100,경기도,연중무휴,00:00,24:00,Y,Y,DC차데모+AC3상,1,1,N,경기도 과천시 중앙로 지하 100,경기도 과천시 별양동 1,(주)한국전기차충전서비스,1522-1782,37.4439497,126.991468,2019-05-10
과천시청,"경기도 과천시 관문로 69, 과천시청",경기도,연중무휴,00:00,24:00,Y,Y,DC차데모+AC3상,1,2,Y,경기도 과천시 관문로 69,경기도 과천시 중앙동 1-3번지 과천시청,한국자동차환경협회/지엔텔,1661-9408,37.428564,126.988231,2019-05-10
갈현동 주민센터,경기도 과천시 중앙로 28,경기도,연중무휴,00:00,24:00,N,Y,DC차데모+AC3상,,1,N,경기도 과천시 중앙로 28,경기도 과천시 갈현동 679번지,한국자동차환경협회,1661-0970,37.419604,126.989121,2019-05-10
과천동 뒷골 공영주차장,경기도 과천시 뒷골로 12-9,경기도,연중무휴,00:00,24:00,N,Y,DC차데모+AC3상,,1,N,경기도 과천시 뒷골로 12-9,경기도 과천시 과천동 368번지,(주)한국전기차충전서비스,1522-1782,37.453738,127.000881,2019-05-10
과천청사,경기도 과천시 관문로 47,경기도,연중무휴,09:00,18:00,Y,N,AC완속,4,,N,경기도 과천시 관문로 47,경기도 과천시 중앙동 1번지,에스트래픽,080-805-0010,37.448501,126.995232,2019-05-10
과천시 과천동회관,경기도 과천시 과천대로 608-7  지하1층 주차장,경기도,연중무휴,09:00,18:00,Y,N,AC완속,1,,N,경기도 과천시 과천대로 608-7,경기도 과천시 과천동 538-9번지 지하1층 주차장,포스코ICT,1600-4047,37.448271,126.995221,2019-05-10
과천시 부림동 주민센터,경기도 과천시 별양로 174  지하주차장,경기도,연중무휴,09:00,18:00,Y,N,AC완속,1,,N,경기도 과천시 별양로 174,경기도 과천시 부림동 47번지 지하주차장,(주)한국전기차충전서비스,1522-1782,37.433762,126.998488,2019-05-10
중앙동 주민센터,경기도 과천시 관문로 136  지하주차장,경기도,연중무휴,09:00,18:00,Y,N,AC완속,1,,N,경기도 과천시 관문로 136,경기도 과천시 중앙동 68번지 지하주차장,포스코ICT,1600-4047,37.433667,126.993064,2019-05-10
과천시 장군마을공영주차장,경기도 과천시 장군마을길 61  지상1층주차장(정문 오른쪽)(주암동 55 지상1층주차장(정문 오른쪽)),경기도,연중무휴,07:00,23:00,N,Y,DC차데모+AC3상,,1,N,경기도 과천시 장군마을길 61,경기도 과천시 주암동 55번지 지상1층주차장(정문 오른쪽)(55 지상1층주차장(정문 오른쪽)),지엔텔,055-604-1865,37.4895125,127.0250802,2019-05-10
과천시 문원동주민센터,경기도 과천시 아랫배랭이로 35 지상1층주차장(문원동 187-1 지상1층주차장),경기도,연중무휴,00:00,24:00,Y,N,AC완속,1,,N,경기도 과천시 아랫배랭이로 35,경기도 과천시 문원동 187-1번지 지상1층주차장(187-1 지상1층주차장),지엔텔,055-604-1865,37.426698,127.002035,2019-05-10
관문체육공원,경기 과천시 중앙로 294,경기도,연중무휴,00:00,24:00,N,Y,DC차데모+AC3상,,1,N,경기도 과천시 중앙로 294,경기도 과천시 관문동 3번지,한국자동차환경협회,1661-9408,37.441033,126.9965429,2019-05-10
사기막골1공영주차장,경기도 과천시 문원동 324-14,경기도,연중무휴,00:00,24:00,Y,N,AC완속,1,,N,,경기도 과천시 문원동 324-14,(주)한국전기차충전서비스,1522-1782,37.420008,126.999044,2019-05-10
광명전통시장공영주차장,광명전통시장공영주차장 1층,경기도,없음,00:00,24:00,Y,Y,,3,1,Y,경기도 광명시 광명로 938,경기도 광명시 광명동 102-4번지,한국전기차충전서비스㈜,02-562-5578,37.4823343961,126.856093465,2019-09-09
이마트광명소하점,지상6층주차장내,경기도,"매월2, 4째주 일요일",10:00,24:00,Y,N,,2,,N,경기도 광명시 소하로 97,경기도 광명시 소하동 1339-3번지,포스코 ICT/BMW,031-961-1945,37.4465470,126.8844653,2019-09-09
광명1동행정복지센터,광복로31번길 10 지하주차장,경기도,공휴일,09:00,18:00,Y,N,,1,,N,경기도 광명시 광복로31번길 10,경기도 광명시 광명동 9-33번지,포스코 ICT,1600-4047,37.4885827,126.8626613,2019-09-09
하안4동주민센터,경기도 광명시 안현로 54,경기도,없음,00:00,24:00,Y,N,,1,,N,경기도 광명시 안현로 54,경기도 광명시 하안동 30-2번지,포스코 ICT,1600-4047,37.4656772,126.8777287,2019-09-09
퇴촌면사무소,주차장,경기도,연중무휴,00:00,23:59,N,Y,DC차데모+AC3상+DC콤보,0,1,N,경기도 광주시 퇴촌면 탑골길 6,경기도 광주시 퇴촌면 광동리 327-1번지,한국전기차충전서비스,1522-1782,37.46690935,127.3071219,2019-09-25
광주시 송정동 행정복지센터,주차장,경기도,연중무휴,00:00,23:59,Y,N,AC완속,1,0,N,경기도 광주시 탄벌길 6,경기도 광주시 탄벌동 717-5번지 주차장,포스코ICT,1600-4047,37.4196895979,127.2460999467,2019-09-25
광주경찰서,주차장,경기도,연중무휴,00:00,23:59,N,Y,DC차데모+AC3상+DC콤보,0,1,N,경기도 광주시 포돌이로 135,경기도 광주시 탄벌동 541-2번지,에스트래픽,080-805-0010,37.40882529,127.2394958,2019-09-25
한국기술교육대학교 고용노동연수원,주차장,경기도,연중무휴,00:00,23:59,Y,N,AC완속,1,0,N,경기도 광주시 오포읍 봉골길 229,경기도 광주시 오포읍 문형리 3번지 고용노동연수원,케이티,1522-0123,37.36517272,127.191267,2019-09-25
현대글로비스 분당경매장,주차장,경기도,연중무휴,00:00,23:59,Y,N,AC완속,1,0,Y,경기도 광주시 오포읍 능평로 167,경기도 광주시 오포읍 능평리 174-25번지 현대글로비스분당경매장,에버온,1661-7766,37.3462160114,127.1757162138,2019-09-25
경안동 공영주차장,주차장 1층 안쪽,경기도,연중무휴,00:00,23:59,N,Y,DC차데모+AC3상+DC콤보,0,1,Y,경기도 광주시 경안로 13-6,경기도 광주시 경안동 30-6번지,환경부(한국자동차환경협회),1661-9408,37.40940859,127.2590209,2019-09-25
광주시 광주시청주차장,옥외3층주차장(제3주차장),경기도,연중무휴,00:00,23:59,N,Y,AC완속,0,1,N,경기도 광주시 행정타운로 50,경기도 광주시 송정동 570번지,지엔텔,1544-4279,37.4292862188,127.2550852,2019-09-25
광주시 광주시청주차장,옥외3층주차장(제3주차장),경기도,연중무휴,00:00,23:59,Y,N,DC차데모+AC3상+DC콤보,1,0,N,경기도 광주시 행정타운로 50,경기도 광주시 송정동 570번지,지엔텔,1544-4279,37.4292862188,127.2550852,2019-09-25
광주시 오포읍사무소,지상1층주차장,경기도,연중무휴,00:00,23:59,N,Y,DC차데모+AC3상+DC콤보,0,1,N,경기도 광주시 오포읍 오포로859번길 29,경기도 광주시 오포읍 추자리 102-16번지,지엔텔,1544-4279,37.36616071,127.2286249,2019-09-25
동원대학교,공학관/대학본부/새천년관,경기도,연중무휴,00:00,23:59,Y,N,AC완속,1,0,N,경기도 광주시 곤지암읍 경충대로 26,경기도 광주시 곤지암읍 신촌리 산1-1번지,한국전기차충전서비스,1522-1782,37.3280788,127.4014441,2019-09-25
동원대학교,공학관/대학본부/새천년관,경기도,연중무휴,00:00,23:59,Y,N,AC완속,1,0,N,경기도 광주시 곤지암읍 경충대로 26,경기도 광주시 곤지암읍 신촌리 산1-1번지,한국전기차충전서비스,1522-1782,37.3280788,127.4014441,2019-09-25
동원대학교,공학관/대학본부/새천년관,경기도,연중무휴,00:00,23:59,Y,N,AC완속,1,0,N,경기도 광주시 곤지암읍 경충대로 26,경기도 광주시 곤지암읍 신촌리 산1-1번지,한국전기차충전서비스,1522-1782,37.3280788,127.4014441,2019-09-25
한국기술교육대학교 고용노동연수원,주차장,경기도,연중무휴,00:00,23:59,Y,N,AC완속,1,0,N,경기도 광주시 오포읍 봉골길 229,경기도 광주시 오포읍 문형리 3번지 고용노동연수원,케이티,1522-0123,37.36517272,127.191267,2019-09-25
동원대학교,공학관/대학본부/새천년관,경기도,연중무휴,00:00,23:59,Y,N,AC완속,1,0,N,경기도 광주시 곤지암읍 경충대로 26,경기도 광주시 곤지암읍 신촌리 산1-1번지,한국전기차충전서비스,1522-1782,37.3280788,127.4014441,2019-09-25
대원주유소,광장주유소,경기도,연중무휴,00:00,23:59,N,Y,DC차데모+AC3상+DC콤보,0,1,N,경기도 광주시 오포읍 포은대로 38,경기도 광주시 오포읍 문형리 557-2번지 광장주유소,케이티,031-767-5907,37.3431508,127.2019989,2019-09-25
광주시 경안동 행정복지센터,주차장,경기도,연중무휴,00:00,23:59,Y,N,AC완속,1,0,Y,경기도 광주시 중앙로 125,경기도 광주시 경안동 53-2번지,포스코ICT,1600-4047,37.41086665,127.2572897600,2019-09-25
광주시 이마트(경기광주점),본관B3층,경기도,별도확인,10:00,23:00,Y,N,AC완속,1,0,Y,경기도 광주시 광주대로 30,경기도 광주시 경안동 25-3번지,포스코ICT,1600-4047,37.4096378479,127.2612448,2019-09-25
경안시장 공영주차장,1층 화장실 옆,경기도,연중무휴,00:00,23:59,N,Y,DC차데모+AC3상+DC콤보,0,1,Y,경기도 광주시 중앙로 103-5,경기도 광주시 경안동 33-37번지,환경부(한국자동차환경협회),1661-9408,37.4087986313,127.2576939,2019-09-25
경기광주휴게소(원주방향),주차장,경기도,연중무휴,00:00,23:59,N,Y,DC차데모+AC3상+DC콤보,0,1,N,경기도 광주시 곤지암읍 만삼로 270,경기도 광주시 곤지암읍 삼합리 산27-2번지,환경부(한국자동차환경협회),1661-9408,37.3784903305,127.4363389568,2019-09-25
경기광주휴게소(서울방향),주차장,경기도,연중무휴,00:00,23:59,N,Y,DC차데모+AC3상+DC콤보,0,1,N,경기도 광주시 곤지암읍 만삼로 211,경기도 광주시 곤지암읍 유사리 산30-2번지,환경부(한국자동차환경협회),1661-9408,37.3804078951,127.4243997837,2019-09-25
구리시 수택2동 행정복지센터,지상주차장,경기도,연중무휴,00:00,23:59,Y,N,,1,0,N,경기도 구리시 원수택로12번길 16,경기도 구리시 수택동 445-28번지,포스코ICT,031-723-2532,37.593192,127.140062,2019-04-23
구리시 교문자동차공업사,정비소입구 주차장,경기도,연중무휴,00:00,23:59,Y,N,,1,0,N,경기도 구리시 동구릉로200번길 18,경기도 구리시 인창동 71번지,포스코ICT,031-723-2532,37.616438,127.139165,2019-04-23
한국지엠구리바로서비스,주차장,경기도,연중무휴,00:00,23:59,Y,N,,1,0,N,경기도 구리시 한다리길 21,경기도 구리시 교문동 640-2번지,케이티,1522-0123,37.580410,127.127400,2019-04-23
구리시 동구동 행정복지센터,주차장,경기도,연중무휴,00:00,23:59,Y,N,,1,0,N,경기도 구리시 동구릉로148번길 25,경기도 구리시 인창동 699-1번지,포스코ICT,031-723-2532,37.611730,127.139300,2019-04-23
롯데아울렛 구리점,지하3층 주차장,경기도,연중무휴,00:00,23:59,Y,N,,2,0,N,경기도 구리시 동구릉로136번길 47,경기도 구리시 인창동 419-7번지,포스코ICT,031-723-2532,37.611879,127.140489,2019-04-23
인창문화센터,1층 주차장,경기도,연중무휴,00:00,23:59,N,Y,AC3상+DC차데모+DC콤보,0,1,N,경기도 구리시 동구릉로53번길 34,경기도 구리시 인창동 527-37번지,한국전력,031-560-3237,37.606411,127.133104,2019-04-23
구리시 수택3동 행정복지센터,주차장,경기도,연중무휴,00:00,23:59,N,Y,DC콤보,0,2,Y,경기도 구리시 체육관로 74,경기도 구리시 수택동 848번지,한국전기차충전서비스,02-562-5578,37.591400,127.138500,2019-04-23
구리갈매푸르지오아파트,단지내,경기도,연중무휴,00:00,23:59,Y,N,,13,0,N,경기도 구리시 갈매중앙로 16,경기도 구리시 갈매동 640번지 구리갈매푸르지오아파트,포스코ICT,031-723-2532,37.626340,127.114000,2019-04-23
장자마을 동양아파트,지하1층 주차장,경기도,연중무휴,00:00,23:59,Y,N,,3,0,Y,"경기도 구리시 장자대로 66(교문동, 동양아파트)",경기도 구리시 교문동 825번지 동양아파트,지엔텔,031-555-4504,37.586494,127.137935,2019-04-23
구리휴게소(외측방향),소형차 주차장 중앙,경기도,연중무휴,00:00,23:59,N,Y,AC3상+DC차데모+DC콤보,0,1,N,경기도 구리시 서울외곽순환고속도로 32,경기도 구리시 사노동 170-13번지,환경부(한국자동차환경협회),031-529-3564,37.627986,127.139536,2019-04-23
구리시 수택1동 행정복지센터,지상주차장,경기도,연중무휴,00:00,23:59,Y,N,,1,0,N,경기도 구리시 검배로93번길 35,경기도 구리시 수택동 495-8번지,포스코ICT,031-723-2532,37.596421,127.149148,2019-04-23
구리시 보건소,지하1층 주차장,경기도,연중무휴,00:00,23:59,Y,N,,1,0,N,경기도 구리시 건원대로34번길 84,경기도 구리시 인창동 674-3번지,포스코ICT,031-723-2532,37.604625,127.145081,2019-04-23
구리시 교문1동 행정복지센터,지상주차장,경기도,연중무휴,00:00,23:59,Y,N,,1,0,N,경기도 구리시 경춘로 111,경기도 구리시 교문동 262-4번지,포스코ICT,031-723-2532,37.601174,127.127681,2019-04-23
구리농수산물공사도매시장,친환경유기농농산물전문매장 근처 주차장,경기도,연중무휴,00:00,23:59,N,Y,AC3상+DC차데모+DC콤보,0,1,N,경기도 구리시 동구릉로136번길 90,경기도 구리시 인창동 127번지,한국전기차충전서비스,02-562-5578,37.613128,127.144644,2019-04-23
구리경찰서,본관왼쪽서편주차장,경기도,연중무휴,00:00,23:59,N,Y,AC3상+DC차데모+DC콤보,0,1,N,경기도 구리시 아차산로 359,경기도 구리시 교문동 462-3번지,한국전기차충전서비스,02-562-5578,37.587279,127.128911,2019-04-23
갈매중앙공원,물놀이장 근처 주차장,경기도,연중무휴,00:00,23:59,N,Y,AC3상+DC차데모+DC콤보,0,1,N,,경기도 구리시 갈매동 301-5,한국전기차충전서비스,02-562-5578,37.632971,127.118605,2019-04-23
구리시청,본관 건축과 옆 주차장,경기도,연중무휴,00:00,23:59,N,Y,AC3상+DC차데모+DC콤보,0,1,Y,경기도 구리시 아차산로 439,경기도 구리시 교문동 390-1번지,환경부(한국자동차환경협회),1661-9408,37.594872,127.129686,2019-04-23
한국전력 구리지사,1층 주차장,경기도,연중무휴,06:00,23:00,N,Y,AC3상+DC차데모+DC콤보,0,2,N,경기도 구리시 안골로 31,경기도 구리시 교문동 733번지,한국전력,031-560-3237,37.597827,127.134918,2019-04-23
대야도서관,외부민원주차장,경기도,해당없음,00:00,24:00,Y,N,,1,0,N,경기도 군포시 대야2로 139,경기도 군포시 대야미동 636-7번지,지엔텔,1544-4279,37.3303895,126.915247,2020-05-04
수리산상상마을,외부주차장,경기도,해당없음,00:00,24:00,N,Y,"DC차데모, DC콤보, AC3상",0,3,N,경기도 군포시 수리산로 112,경기도 군포시 산본동 1151-10번지,한국자동차환경협회,1661-9408,37.3588297,126.917931,2020-05-04
군포시청민원주차장,민원주차장,경기도,해당없음,00:00,24:00,Y,Y,"DC차데모, DC콤보, AC3상",1,2,Y,경기도 군포시 청백리길 6,경기도 군포시 금정동 844번지,한국전기차충전서비스,1522-1782,37.360673,126.935039,2020-05-04
송죽공영주차장,주차장 내,경기도,해당없음,00:00,24:00,N,Y,"DC차데모, DC콤보, AC3상",0,1,Y,경기도 군포시 군포로609번안길 12,경기도 군포시 금정동 774번지,한국자동차환경협회,1661-9408,37.3608998,126.947228,2020-05-04
롯데마트 피트인산본점,주차장 내,경기도,해당없음,10:00,23:00,N,Y,"DC차데모, DC콤보, AC3상",0,1,Y,경기도 군포시 번영로 485,경기도 군포시 산본동 1145-6번지,한국자동차환경협회,1661-9408,37.3578052,126.930666,2020-05-04
군포부곡도서관,외부주차장,경기도,해당없음,00:00,24:00,N,Y,"DC차데모, DC콤보",0,2,N,경기도 군포시 송부로221번길 3-10,경기도 군포시 부곡동 1089번지,한국전기차충전서비스,1522-1782,37.3240672,126.935662,2020-05-04
군포시립중앙도서관,외부주차장,경기도,금요일,09:00,22:00,N,Y,"DC차데모, DC콤보",0,2,N,경기도 군포시 수리산로 79,경기도 군포시 산본동 1152번지,한국전기차충전서비스,1522-1782,37.3552658,126.916183,2020-05-04
초막골생태공원,생태주차장,경기도,해당없음,00:00,24:00,N,Y,"DC차데모, DC콤보, AC3상",0,2,Y,경기도 군포시 초막골길 216,경기도 군포시 산본동 856번지,지엔텔,1544-4279,37.3541001,126.919139,2020-05-04
당동제1공영주차장,1층,경기도,해당없음,00:00,24:00,N,Y,"DC차데모, DC콤보, AC3상",0,1,Y,경기도 군포시 금당로69번길 2,경기도 군포시 당동 945번지,지엔텔,1544-4279,37.3540013,126.941068,2020-05-04
군포국민체육센터,외부주차장,경기도,해당없음,00:00,24:00,N,Y,"DC차데모, DC콤보",0,2,Y,경기도 군포시 군포로 339,경기도 군포시 부곡동 1226번지,한국자동차환경협회,1661-9408,37.3391279,126.935563,2020-05-04
고랑치기공영주차장,1층,경기도,해당없음,00:00,24:00,N,Y,"DC차데모, DC콤보, AC3상",0,2,Y,경기도 군포시 군포첨단산업2로 13,경기도 군포시 부곡동 1246-1번지,한국자동차환경협회,1661-9408,37.3266031,126.9416808,2020-05-04
대야제5공영주차장,주차장 내,경기도,해당없음,00:00,24:00,N,Y,"DC차데모, DC콤보, AC3상",0,2,N,,경기도 군포시 대야미동 649-1,한국자동차환경협회,1661-9408,37.3290695,126.919121,2020-05-04
당정12공영주차장,주차장 내,경기도,해당없음,08:00,24:00,N,Y,"DC차데모, DC콤보, AC3상",0,2,Y,경기도 군포시 당정역로 100,경기도 군포시 당정동 1009-1번지,한국자동차환경협회,1661-9408,37.345077,126.949038,2020-05-04
당정역광장주차장,주차장 내,경기도,해당없음,08:00,24:00,N,Y,"DC차데모, DC콤보, AC3상",0,3,Y,경기도 군포시 용호2로54번길 40,경기도 군포시 당정동 750번지,한국자동차환경협회,1661-9408,37.3429345,126.947999,2020-05-04
군포시청앞주차장,구 차량등록과,경기도,해당없음,00:00,24:00,N,Y,"DC차데모, DC콤보, AC3상",0,1,Y,경기도 군포시 청백리길 13,경기도 군포시 금정동 845-1번지,한국전기차충전서비스,1522-1782,37.3616343,126.933227,2020-05-04
오스타파라곤1단지,주차장내,경기도,연중무휴,00:00,23:59,Y,Y,,1,1,Y,"경기도 김포시 걸포1로11, (걸포동, 오스타파라곤1단지)",경기도 김포시 걸포동 1558번지 오스타파라곤1단지,,,37.6341906,126.7034041,2019-05-08
유현마을현대프라임빌,주차장내,경기도,연중무휴,00:00,23:59,Y,Y,,3,1,Y,"경기도 김포시 유현로51, (풍무동, 유현마을현대프라임빌2단지)",경기도 김포시 풍무동 759번지 유현마을현대프라임빌2단지,,,37.5972456,126.7262738,2019-05-08
이니스더원아파트,주차장내,경기도,연중무휴,00:00,23:59,Y,Y,,2,1,Y,"경기도 김포시 김포한강3로290-16, (장기동, 고창마을이니스더원)",경기도 김포시 장기동 1635번지 고창마을이니스더원,,,37.6421275,126.6605268,2019-05-08
일성트루엘타운하우스,주차장내,경기도,연중무휴,00:00,23:59,Y,N,,2,0,Y,"경기도 김포시 김포한강1로307, (운양동, 하늘빛마을일성트루엘아파트)",경기도 김포시 운양동 1294-2번지 하늘빛마을일성트루엘아파트,,,37.6524793,126.690179,2019-05-08
청구한라,주차장내,경기도,연중무휴,00:00,23:59,Y,Y,,1,1,Y,"경기도 김포시 사우중로73번길11, (북변동)",경기도 김포시 북변동 815번지 풍년마을청구한라아파트,,,37.6208058,126.7194836,2019-05-08
청송현대홈타운 1단지,주차장내,경기도,연중무휴,00:00,23:59,Y,Y,,1,1,Y,"경기도 김포시 청송로70, (장기동, 청송마을현대1단지)",경기도 김포시 장기동 1339번지 청송마을현대1단지,,,37.6516125,126.6722667,2019-05-08
청송현대홈타운3단지,주차장내,경기도,연중무휴,00:00,23:59,Y,Y,,3,1,Y,"경기도 김포시 청송로19, (장기동, 청송마을현대3단지)",경기도 김포시 장기동 1312번지 청송마을현대3단지,,,37.6491942,126.6679469,2019-05-08
한강신도시 반도유보라5차 아파트,주차장내,경기도,연중무휴,00:00,23:59,Y,N,,3,0,Y,"경기도 김포시 김포한강9로116, (구래동, 한강신도시반도유보라5차)",경기도 김포시 구래동 6873-19번지 한강신도시반도유보라5차,,,37.6473600,126.6258265,2019-05-08
한강화성파크드림 아파트,주차장내,경기도,연중무휴,00:00,23:59,Y,Y,,1,1,Y,"경기도 김포시 김포한강11로38, (운양동, 모담마을한강화성파크드림)",경기도 김포시 운양동 1325-7번지 모담마을한강화성파크드림,,,37.6447339,126.6912893,2019-05-08
유카스주유소,주차장내,경기도,연중무휴,00:00,23:59,N,Y,,0,2,Y,경기도 김포시 양촌읍 김포대로 1581,경기도 김포시 양촌읍 누산리 295-7번지,,,37.6622877,126.6617403,2019-05-08
이마트 김포한강점,주차장내,경기도,"매월2,4주수요일",10:00,23:00,N,Y,,0,1,Y,경기도 김포시 김포한강7로 71,경기도 김포시 구래동 6880-9번지,,,37.6443342,126.6282844,2019-05-08
롯데마트 김포한강점,주차장내,경기도,"매월2,4주수요일",10:00,23:00,N,Y,,0,2,Y,"경기도 김포시 김포한강2로41, (장기동, 이편한세상캐널시티)",경기도 김포시 장기동 2031번지 이편한세상캐널시티,,,37.6412658,126.6776061,2019-05-08
운양동 반도유보라2차,주차장내,경기도,연중무휴,00:00,23:59,Y,Y,,2,1,Y,"경기도 김포시 김포한강11로276, (운양동, 김포한강신도시반도유보라2차)",경기도 김포시 운양동 1300-3번지 김포한강신도시반도유보라2차,,,37.6548572,126.6804025,2019-05-08
마산동 상록데시앙,주차장내,경기도,연중무휴,00:00,23:59,Y,Y,,2,1,Y,"경기도 김포시 김포한강8로173-27, (마산동, 은여울마을상록데시앙아파트)",경기도 김포시 마산동 672-6번지 은여울마을상록데시앙아파트,,,37.6368274,126.6421881,2019-05-08
감정동 신안실크1차,주차장내,경기도,연중무휴,00:00,23:59,Y,Y,,5,2,Y,"경기도 김포시 감정로64, (감정동, 푸른마을신안실크밸리1단지)",경기도 김포시 감정동 686번지 푸른마을신안실크밸리1단지,,,37.6194298,126.6999222,2019-05-08
김포본동행정복지센터,주차장내,경기도,연중무휴,00:00,23:59,Y,N,,1,0,Y,경기도 김포시 북변1로 13,경기도 김포시 북변동 703번지,,,37.6275668,126.7057395,2019-05-08
장기본동행정복지센터,주차장내,경기도,연중무휴,00:00,23:59,Y,N,,1,0,Y,경기도 김포시 김포대로 1433,경기도 김포시 장기동 1338번지,,,37.6523089,126.671699,2019-05-08
사우동행정복지센터,주차장내,경기도,연중무휴,00:00,23:59,N,Y,,0,1,Y,경기도 김포시 돌문로 51,경기도 김포시 사우동 236-2번지,,,37.6193075,126.7167454,2019-05-08
풍무동행정복지센터,주차장내,경기도,연중무휴,00:00,23:59,N,Y,,0,1,Y,경기도 김포시 풍무로 74,경기도 김포시 풍무동 804번지,,,37.6021464,126.7220342,2019-05-08
장기동행정복지센터,주차장내,경기도,연중무휴,00:00,23:59,N,Y,,0,1,Y,경기도 김포시 김포한강2로 112,경기도 김포시 장기동 2055-2번지,,,37.6397267,126.6713337,2019-05-08
운양동행정복지센터,주차장내,경기도,연중무휴,00:00,23:59,N,Y,,0,1,Y,경기도 김포시 모담공원로 32,경기도 김포시 운양동 1326-1번지,,,37.6514378,126.6832166,2019-05-08
양촌읍행정복지센터,주차장내,경기도,연중무휴,00:00,23:59,N,Y,,0,1,Y,경기도 김포시 양촌읍 양곡1로68번길 37,경기도 김포시 양촌읍 양곡리 1554번지,,,37.6572033,126.6254299,2019-05-08
구래동행정복지센터,주차장내,경기도,연중무휴,00:00,23:59,N,Y,,0,1,Y,경기도 김포시 김포한강9로115번길 25,경기도 김포시 구래동 6872-5번지,,,37.6464790,126.6236784,2019-05-08
양촌독립운동기념관,주차장내,경기도,연중무휴,00:00,23:59,N,Y,,0,1,Y,경기도 김포시 양촌읍 양곡2로30번길 46,경기도 김포시 양촌읍 양곡리 1331번지,,,37.6533245,126.6296943,2019-05-08
김포시청,주차장내,경기도,연중무휴,00:00,23:59,N,Y,,0,1,Y,경기도 김포시 사우중로 1,경기도 김포시 사우동 263-1번지,,,37.6152236,126.7157055,2019-05-08
통진두레문화센터,주차장내,경기도,연중무휴,00:00,23:59,N,Y,,0,2,Y,경기도 김포시 통진읍 김포대로 2347-8,경기도 김포시 통진읍 마송리 160-27번지,,,37.6958439,126.5870159,2019-05-08
홈플러스 풍무점,주차장내,경기도,"매월2,4주수요일",10:00,23:59,N,Y,,0,1,Y,경기도 김포시 풍무로 167,경기도 김포시 풍무동 38-1번지,,,37.6099628,126.7241205,2019-05-08
운양동 풍경마을 이편한세상,주차장내,경기도,연중무휴,00:00,23:59,Y,Y,,1,1,Y,"경기도 김포시 김포한강11로287, (운양동, 한강신도시이편한세상)",경기도 김포시 운양동 1250-3번지 한강신도시이편한세상,,,37.6562764,126.681624,2019-05-08
구래동 호수마을 이편한세상,주차장내,경기도,연중무휴,00:00,23:59,Y,Y,,1,1,Y,"경기도 김포시 김포한강5로385, (구래동, 호수마을자연앤이편한세상)",경기도 김포시 구래동 6874-17번지 호수마을자연앤이편한세상,,,37.6496640,126.6302601,2019-05-08
장기동 KCC스위첸,주차장내,경기도,연중무휴,00:00,23:59,Y,Y,,4,1,Y,"경기도 김포시 김포한강2로208, (장기동, 고창마을케이씨씨스위첸아파트)",경기도 김포시 장기동 1886-2번지 고창마을케이씨씨스위첸아파트,,,37.6469621,126.6617885,2019-05-08
한강신도시 푸르지오,주차장내,경기도,연중무휴,00:00,23:59,Y,Y,,3,1,Y,"경기도 김포시 김포한강11로179, (운양동, 한강신도시푸르지오)",경기도 김포시 운양동 1407-5번지 한강신도시푸르지오,,,37.6488075,126.6776312,2019-05-08
운양동 롯데캐슬,주차장내,경기도,연중무휴,00:00,23:59,Y,Y,,2,1,Y,"경기도 김포시 김포한강11로275, (운양동, 한강신도시롯데캐슬)",경기도 김포시 운양동 1301-1번지 한강신도시롯데캐슬,,,37.6546772,126.6780031,2019-05-08
운양동 풍경마을 래미안,주차장내,경기도,연중무휴,00:00,23:59,N,Y,,0,1,Y,"경기도 김포시 김포한강11로227, (운양동, 풍경마을래미안한강2차아파트)",경기도 김포시 운양동 1304-5번지 풍경마을래미안한강2차아파트,,,37.6532938,126.6743559,2019-05-08
양곡휴먼시아2단지,주차장내,경기도,연중무휴,00:00,23:59,N,Y,,0,1,Y,"경기도 김포시 양촌읍 양곡3로129, (양곡리)",경기도 김포시 양촌읍 양곡리 1247번지 양곡휴먼시아곡촌마을,,,37.6617123,126.6358758,2019-05-08
김포시 청소년수련원 주차장,주차장내,경기도,연중무휴,00:00,23:59,N,Y,,0,1,Y,경기도 김포시 월곶면 용강로13번길 38,경기도 김포시 월곶면 군하리 435-14번지,,,37.7208027,126.5522083,2019-05-08
김포시 신화아파트,주차장내,경기도,연중무휴,00:00,23:59,Y,Y,,3,1,Y,"경기도 김포시 봉화로167번길35-18, (감정동, 신화아파트)",경기도 김포시 감정동 674번지 신화아파트,,,37.6249843,126.701944,2019-05-08
김포한강우남퍼스트빌,주차장내,경기도,연중무휴,00:00,23:59,Y,Y,,4,1,Y,"경기도 김포시 김포한강2로103, (장기동, 초당마을우남퍼스트빌아파트)",경기도 김포시 장기동 2065-1번지 초당마을우남퍼스트빌아파트,,,37.6363914,126.673591,2019-05-08
백석마을 신일해피트리,주차장내,경기도,연중무휴,00:00,23:59,Y,Y,,2,1,Y,"경기도 김포시 통진읍 김포대로1991, (도사리, 백석마을신일해피트리아파트)",경기도 김포시 통진읍 도사리 972번지 백석마을신일해피트리아파트,,,37.6805983,126.621235,2019-05-08
수기마을 힐스테이트2단지,주차장내,경기도,연중무휴,00:00,23:59,N,Y,,0,1,Y,경기도 김포시 고촌읍 수기로 67-53,경기도 김포시 고촌읍 신곡리 1256번지 수기마을힐스테이트2단지,,,37.5955189,126.7690843,2019-05-08
김포경찰서,주차장내,경기도,연중무휴,00:00,23:59,N,Y,,0,1,Y,경기도 김포시 태장로795번길 65,경기도 김포시 장기동 2083-7번지,,,37.6375473,126.681071,2019-05-08
아하정보통신,주차장내,경기도,연중무휴,00:00,23:59,Y,N,,1,0,Y,경기도 김포시 양촌읍 황금로109번길 67,경기도 김포시 양촌읍 학운리 3011번지,,,37.6157570,126.6230891,2019-05-08
김포한강신도시 푸르지오3차,주차장내,경기도,연중무휴,00:00,23:59,Y,N,,2,0,Y,"경기도 김포시 김포한강8로409, (구래동, 김포한강푸르지오3차아파트)",경기도 김포시 구래동 6895-2번지 김포한강푸르지오3차아파트,,,37.6396716,126.6224896,2019-05-08
센트럴자이 1차 아파트,주차장내,경기도,연중무휴,00:00,23:59,Y,N,,12,0,Y,"경기도 김포시 태장로845, (장기동, 한강센트럴자이1단지)",경기도 김포시 장기동 2128-1번지 한강센트럴자이1단지,,,37.6357465,126.6771487,2019-05-08
센트럴자이 2차 아파트,주차장내,경기도,연중무휴,00:00,23:59,Y,N,,4,0,Y,"경기도 김포시 태장로846, (장기동, 한강센트럴자이2단지)",경기도 김포시 장기동 867번지 한강센트럴자이2단지,,,37.6356250,126.6727435,2019-05-08
월곶면행정복지센터,주차장내,경기도,연중무휴,00:00,23:59,N,Y,,0,1,Y,경기도 김포시 월곶면 군하로 263,경기도 김포시 월곶면 군하리 188-11번지,,,37.7151688,126.5527148,2019-05-08
민원콜센터,주차장내,경기도,연중무휴,00:00,23:59,Y,N,,1,0,Y,경기도 김포시 고촌읍 수기로 63,경기도 김포시 고촌읍 신곡리 1252번지,,,37.5976508,126.7661503,2019-05-08
고촌읍행정복지센터,주차장내,경기도,연중무휴,00:00,23:59,N,Y,,0,1,Y,경기도 김포시 고촌읍 장차로 14,경기도 김포시 고촌읍 신곡리 530-1번지,,,37.6032512,126.7709616,2019-05-08
운양동 전원마을월드2단지,주차장내,경기도,연중무휴,00:00,23:59,Y,Y,,1,1,Y,"경기도 김포시 전원로44, (운양동, 전원마을월드2단지)",경기도 김포시 운양동 1435번지 전원마을월드2단지,,,37.6468247,126.6848391,2019-05-08
장기동 초당마을 중흥S클래스,주차장내,경기도,연중무휴,00:00,23:59,Y,Y,,1,1,Y,"경기도 김포시 김포한강2로113, (장기동, 초당마을중흥에스클래스리버티)",경기도 김포시 장기동 2058-1번지 초당마을중흥에스클래스리버티,,,37.6376583,126.6684813,2019-05-08
장기동 호반베르디움,주차장내,경기도,연중무휴,00:00,23:59,Y,Y,,10,1,Y,"경기도 김포시 김포한강2로229, (장기동, 한강호반베르디움)",경기도 김포시 장기동 1885-6번지 한강호반베르디움,,,37.6477356,126.6608681,2019-05-08
김포한강상록데시앙,주차장내,경기도,연중무휴,00:00,23:59,Y,Y,,2,1,Y,"경기도 김포시 김포한강8로173-27, (마산동, 은여울마을상록데시앙아파트)",경기도 김포시 마산동 672-6번지 은여울마을상록데시앙아파트,,,37.6368274,126.6421881,2019-05-08
은여울마을 경남아너스빌,주차장내,경기도,연중무휴,00:00,23:59,Y,Y,,3,1,Y,"경기도 김포시 김포한강8로173-58, (마산동, 은여울마을경남아너스빌아파트)",경기도 김포시 마산동 639-8번지 은여울마을경남아너스빌아파트,,,37.6372596,126.6366965,2019-05-08
장릉마을 삼성쉐르빌,주차장내,경기도,연중무휴,00:00,23:59,Y,Y,,3,1,Y,"경기도 김포시 승가로89, (풍무동, 장릉마을삼성1단지)",경기도 김포시 풍무동 740번지 장릉마을삼성1단지,,,37.6055689,126.7078305,2019-05-08
청송6단지 중흥S클래스파크애비뉴아파트,주차장내,경기도,연중무휴,00:00,23:59,Y,Y,,3,1,Y,"경기도 김포시 김포한강2로362, (장기동, 청송마을중흥에스클래스)",경기도 김포시 장기동 1866-1번지 청송마을중흥에스클래스,,,37.6508741,126.6667044,2019-05-08
한강신도시 이지더원 아파트,주차장내,경기도,연중무휴,00:00,23:59,Y,N,,2,0,Y,"경기도 김포시 김포한강2로178, (장기동, 고창마을이지더원)",경기도 김포시 장기동 1626번지 고창마을이지더원,,,37.6440806,126.6659193,2019-05-08
호수마을자연&e편한세상 3단지 아파트,주차장내,경기도,연중무휴,00:00,23:59,Y,Y,,3,1,Y,"경기도 김포시 김포한강4로420번길164, (구래동, 호수마을자연앤이편한세상)",경기도 김포시 구래동 6874-6번지 호수마을자연앤이편한세상,,,37.6479517,126.6286711,2019-05-08
김포대학교,주차장내,경기도,연중무휴,00:00,23:59,Y,N,,2,0,Y,경기도 김포시 월곶면 김포대학로 97,경기도 김포시 월곶면 포내리 111-9번지,,,37.7299773,126.5472881,2019-05-08
양곡휴먼시아1단지,주차장내,경기도,연중무휴,00:00,23:59,N,Y,,0,1,Y,"경기도 김포시 양촌읍 양곡3로101, (양곡리)",경기도 김포시 양촌읍 양곡리 1249번지 양곡휴먼시아곡촌마을,,,37.6600271,126.6366206,2019-05-08
수기마을 힐스테이트3단지,주차장내,경기도,연중무휴,00:00,23:59,Y,N,,2,0,Y,"경기도 김포시 고촌읍 수기로39-13, (신곡리, 수기마을힐스테이트3단지)",경기도 김포시 고촌읍 신곡리 1248번지 수기마을힐스테이트3단지,,,37.6001272,126.7668795,2019-05-08
학운리 자연앤데시앙,주차장내,경기도,연중무휴,00:00,23:59,Y,Y,,2,1,Y,"경기도 김포시 양촌읍 황금로89번길25, (학운리, 자연앤데시앙아파트)",경기도 김포시 양촌읍 학운리 3019번지 자연앤데시앙아파트,,,37.6186425,126.6240553,2019-05-08
오스타파라곤3단지,주차장내,경기도,연중무휴,00:00,23:59,Y,N,,3,0,Y,"경기도 김포시 걸포1로39, (걸포동, 오스타파라곤3단지)",경기도 김포시 걸포동 1555번지 오스타파라곤3단지,,,37.6364601,126.7065938,2019-05-08
유현마을 신동아아파트,주차장내,경기도,연중무휴,00:00,23:59,Y,Y,,1,1,Y,"경기도 김포시 유현로19, (풍무동, 유현마을신동아1단지)",경기도 김포시 풍무동 583-6번지 유현마을신동아1단지,,,37.5975432,126.7246268,2019-05-08
풍년마을 신일아파트,주차장내,경기도,연중무휴,00:00,23:59,Y,Y,,1,2,Y,"경기도 김포시 김포대로926번길88-27, (북변동, 풍년마을신일2단지)",경기도 김포시 북변동 812번지 풍년마을신일2단지,,,37.6231976,126.7181966,2019-05-08
풍무동푸르지오,주차장내,경기도,연중무휴,00:00,23:59,Y,Y,,1,2,Y,"경기도 김포시 유현로200, (풍무동, 풍무푸르지오아파트)",경기도 김포시 풍무동 354-1번지 풍무푸르지오아파트,,,37.6096027,126.7325191,2019-05-08
에코센터 주차장,주차장내,경기도,연중무휴,00:00,23:59,Y,Y,,1,1,Y,경기도 김포시 김포한강11로 455,경기도 김포시 운양동 1246-1번지,,,37.6547791,126.6993521,2019-05-08
롯데마트덕소점,외부주차장,경기도,"매월2,4주 수요일",10:00,23:00,N,Y,,0,1,Y,경기도 남양주시 와부읍 월문천로 33,경기도 남양주시 와부읍 덕소리 501-3번지,환경부,,37.5846970489,127.2140219412,2020-01-30
와부읍 제3공영주차장,외부주차장,경기도,연중무휴,00:00,23:59,N,Y,,0,1,Y,경기도 남양주시 와부읍 덕소로 237,경기도 남양주시 와부읍 도곡리 1024-2번지,환경부,,37.5796319192,127.2226566662,2020-01-30
유기농테마파크,외부주차장,경기도,연중무휴,00:00,23:59,Y,Y,,1,1,Y,경기도 남양주시 조안면 북한강로 881,경기도 남양주시 조안면 삼봉리 182번지,한충전,,37.5960335635,127.3367190274,2020-01-30
오남체육문화센터,외부주차장,경기도,연중무휴,00:00,23:59,Y,Y,,1,1,Y,경기도 남양주시 오남읍 진건오남로577번길 11,경기도 남양주시 오남읍 오남리 538-1번지,지엔텔,,37.6848687401,127.2098426820,2020-01-30
진건·퇴계원행정복지센터,외부주차장,경기도,연중무휴,00:00,23:59,N,Y,,0,1,Y,경기도 남양주시 진건읍 진건오남로 41-19,경기도 남양주시 진건읍 사능리 645-1번지,지엔텔,,37.65460648,127.1776870173,2020-01-30
화도 제7공영주차장,외부주차장,경기도,연중무휴,00:00,23:59,Y,Y,,1,1,Y,,경기도 남양주시 화도읍 창현리 734,한충전,,37.65086471,127.3036240270,2020-01-30
화도 제2공영주차장,외부주차장,경기도,연중무휴,00:00,23:59,N,Y,,0,1,Y,,경기도 남양주시 화도읍 마석우리 338-1,환경부,,37.65314135,127.3017173,2020-01-30
이마트 진접점,내부주차장,경기도,"매월2,4주 수요일",10:00,23:00,N,Y,,0,1,Y,경기도 남양주시 진접읍 금강로유연들1길 154,경기도 남양주시 진접읍 연평리 101-14번지,한국전력,,37.7088304239,127.1820304882,2020-01-30
별내동이마트,내부주차장,경기도,"매월2,4주 수요일",10:00,23:00,Y,N,,1,0,Y,경기도 남양주시 순화궁로 167,경기도 남양주시 별내동 989번지,포스코,,37.6428114556,127.1259687922,2020-01-30
별내동행정복지센터,외부주차장,경기도,연중무휴,00:00,23:59,N,Y,,0,2,Y,경기도 남양주시 별내3로 64-21,경기도 남양주시 별내동 1028번지,환경부한충전,,37.6461674073,127.1218816736,2020-01-30
별내동제1공영주차장,외부주차장,경기도,연중무휴,00:00,23:59,Y,Y,,1,1,Y,,경기도 남양주시 별내동 935,한충전,,37.65591536,127.1258725,2020-01-30
다산동제2공영주차장,외부주차장,경기도,연중무휴,00:00,23:59,Y,Y,,1,1,Y,,경기도 남양주시 다산동 664,한충전,,37.60478345,127.1579276,2020-01-30
도농동이마트,내부주차장,경기도,"매월2,4주 수요일",10:00,23:00,Y,Y,,1,1,Y,경기도 남양주시 도농로 24,경기도 남양주시 다산동 4001-29,환경부(급)포스코(완),,37.6082042050,127.1577526618,2020-01-30
다산동행정복지센터,외부주차장,경기도,연중무휴,00:00,23:59,N,Y,,0,1,Y,경기도 남양주시 다산중앙로 7,경기도 남양주시 다산동 6150번지,환경부,,37.6139266033,127.1555493483,2020-01-30
남양주체육문화센터,외부주차장,경기도,연중무휴,00:00,23:59,Y,Y,,1,2,Y,경기도 남양주시 다산지금로 91,경기도 남양주시 이패동 산87번지,한충전,,37.6059268545,127.1777885137,2020-01-30
금곡제1공영주차장,외부주차장,경기도,연중무휴,00:00,23:59,N,Y,,0,1,Y,,경기도 남양주시 금곡동 754-15,한충전,,37.63261487,127.1999701,2020-01-30
남양주시청,외부주차장,경기도,연중무휴,00:00,23:59,N,Y,,0,1,Y,경기도 남양주시 경춘로 1037,경기도 남양주시 금곡동 185-10번지,환경부,,37.6366154897,127.2179956504,2020-01-30
와부·조안행정복지센터,외부주차장,경기도,연중무휴,00:00,23:59,Y,Y,,1,2,Y,경기도 남양주시 와부읍 월문천로 35,경기도 남양주시 와부읍 덕소리 117-1번지,한충전(급)포스코(완),,37.5855145468,127.2163294136,2020-01-30
경복대학교,외부주차장,경기도,연중무휴,00:00,23:59,Y,N,,3,0,Y,경기도 남양주시 진접읍 경복대로 425-17,경기도 남양주시 진접읍 금곡리 383번지,한충전,,37.7351074429,127.2115907893,2020-01-30
홈플러스진접점,내부주차장,경기도,"매월2,4주 수요일",10:00,23:00,N,Y,,0,1,Y,경기도 남양주시 진접읍 금강로 1447,경기도 남양주시 진접읍 장현리 216-1번지,한국전력,,37.7217472295,127.1886090262,2020-01-30
진접·오남행정복지센터,외부주차장,경기도,연중무휴,00:00,23:59,Y,Y,,1,1,Y,경기도 남양주시 진접읍 금강로 1509-26,경기도 남양주시 진접읍 장현리 68-39번지,지엔텔,,37.7263293536,127.1898391,2020-01-30
하나로마트 진접점,내부주차장,경기도,연중무휴,09:00,22:00,N,Y,,0,2,Y,경기도 남양주시 진접읍 해밀예당1로 28,경기도 남양주시 진접읍 연평리 56번지,한국전력,,37.7112457696,127.1861735836,2020-01-30
롯데마트 마석점,내부주차장,경기도,"매월2,4주 수요일",10:00,23:00,N,Y,,0,1,Y,경기도 남양주시 화도읍 경춘로 1992,경기도 남양주시 화도읍 마석우리 255-24번지,환경부,,37.6501388162,127.3092958193,2020-01-30
천마산입구주차장,외부주차장,경기도,연중무휴,00:00,23:59,N,Y,,0,2,Y,,경기도 남양주시 화도읍 묵현리 211-2,환경부,,37.66344486,127.2922951,2020-01-30
CU화도휴게소점,외부주차장,경기도,연중무휴,00:00,23:59,N,Y,,0,1,Y,경기도 남양주시 화도읍 경춘로 2173-1,경기도 남양주시 화도읍 월산리 311-1번지,에스트래픽,,37.6540999727,127.3291074170,2020-01-30
화도·수동행정복지센터,외부주차장,경기도,연중무휴,00:00,23:59,N,Y,,0,1,Y,경기도 남양주시 화도읍 비룡로 59,경기도 남양주시 화도읍 마석우리 548번지,시그넷,,37.6578481695,127.3007103215,2020-01-30
사능제1공영주차장,외부주차장,경기도,연중무휴,00:00,23:59,Y,Y,,1,1,Y,,경기도 남양주시 진건읍 사능리 604-12,한충전,,37.65222183,127.1758058,2020-01-30
농업기술센터,외부주차장,경기도,연중무휴,00:00,23:59,Y,N,,1,0,Y,경기도 남양주시 진건읍 사릉로 234-46,경기도 남양주시 진건읍 사능리 92-1번지,환경부,,37.6489994454,127.1970232459,2020-01-30
오남읍사무소,외부주차장,경기도,연중무휴,00:00,23:59,N,Y,,0,1,Y,경기도 남양주시 오남읍 진건오남로 806-34,경기도 남양주시 오남읍 양지리 96-10번지,지엔텔,,37.6985759603,127.2048422425,2020-01-30
별내면주민센터,외부주차장,경기도,연중무휴,00:00,23:59,N,Y,,0,1,Y,경기도 남양주시 별내면 청학로8번길 22,경기도 남양주시 별내면 광전리 122-6번지,시그넷,,37.70263158,127.1248907063,2020-01-30
수동면주민센터,외부주차장,경기도,연중무휴,00:00,23:59,N,Y,,0,2,Y,,경기도 남양주시 수동면 운수리 95-2,환경부,,37.70335984,127.3264309634,2020-01-30
조안면사무소,외부주차장,경기도,연중무휴,00:00,23:59,N,Y,,0,1,Y,경기도 남양주시 조안면 북한강로 120,경기도 남양주시 조안면 조안리 173-3번지,지엔텔,,37.5358833971,127.3034557927,2020-01-30
이마트(남양주점),내부주차장,경기도,"매월2,4주 수요일",10:00,23:00,Y,Y,,2,1,Y,경기도 남양주시 늘을2로 27,경기도 남양주시 호평동 637번지,환경부(급)포스코(완),,37.6550474680,127.2430009,2020-01-30
호평·평내행정복지센터,외부주차장,경기도,연중무휴,00:00,23:59,Y,Y,,1,1,Y,경기도 남양주시 호평로68번길 42,경기도 남양주시 호평동 115-2번지,시그넷,,37.6541303267,127.2507744450,2020-01-30
평내 제2공영주차장,외부주차장,경기도,연중무휴,00:00,23:59,Y,Y,,1,1,Y,,경기도 남양주시 평내동 660-8,한충전,,37.65344682,127.2429168,2020-01-30
송내4공용주차장,평생교육원 옆 송내4공영주차장 주차장 내,경기도,연중무휴,00:00,24:00,Y,Y,DC차데모+AC3상+DC콤보,1,1,N,,경기도 동두천시 지행동 722,시그넷ev,031-994-6115,37.890863,127.052461,2019-08-01
중앙동행정복지센터,중앙동행정복지센터 주차장 내,경기도,연중무휴,09:00,18:00,Y,N,AC3상,1,0,N,경기도 동두천시 생연로 172,경기도 동두천시 생연동 587-16번지,에버온,1661-7766,37.9077377,127.0531418,2019-08-01
한국전력동두천지사,한국전력동두천지사 주차장 내,경기도,연중무휴,06:00,23:00,N,Y,DC차데모+AC3상+DC콤보,0,1,N,경기도 동두천시 평화로 2262,경기도 동두천시 지행동 476-2,한국전력(경기북주지역본부),1899-2100,37.889498,127.0573865,2019-08-01
롯데마트,롯데마트 주차장 내,경기도,연중무휴,10:00,23:00,N,Y,DC차데모+AC3상+DC콤보,0,1,N,경기도 동두천시 평화로2169번길 21,경기도 동두천시 송내동 551번지,한국자동차환경협회,1661-9408,37.8809451837,127.053138264,2019-08-01
소요산축산물브랜드육타운 공영주차장,소요산축산물브랜드육타운 공영주차장 내,경기도,연중무휴,00:00,24:00,N,Y,DC차데모+AC3상+DC콤보,0,1,N,경기도 동두천시 평화로2910번길 30,경기도 동두천시 상봉암동 10-4번지,한국자동차환경협회,1661-9408,37.9458362494,127.064425387,2019-08-01
생연2동행정복지센터,생연2동행정복지센터 주차장 내,경기도,연중무휴,00:00,24:00,Y,N,AC3상,1,0,N,경기도 동두천시 생연로 95,경기도 동두천시 생연동 810-5번지,한국전기자동차충전서비스,1522-1782,37.9012178865,127.049905543,2019-08-01
상패동행정복지센터,상패동행정복지센터 주차장 내,경기도,연중무휴,00:00,24:00,N,Y,DC차데모+AC3상+DC콤보,0,1,N,경기도 동두천시 어수로 8,경기도 동두천시 상패동 122-2번지,시그넷ev,031-994-6115,37.905375,127.044269,2019-08-01
소요동행정복지센터,소요동행정복지센터 주차장 내,경기도,연중무휴,09:00,18:00,Y,N,AC3상,1,0,N,경기도 동두천시 평화로 2706,경기도 동두천시 동두천동 262번지,에버온,1661-7766,37.9294244,127.0572864,2019-08-01
보산동행정복지센터,보산동행정복지센터 주차장 내,경기도,연중무휴,09:00,18:00,Y,N,AC3상,1,0,N,경기도 동두천시 싸리말로 28,경기도 동두천시 보산동 314-5번지,에버온,1661-7766,37.9176030,127.0612905,2019-08-01
생연1동행정복지센터,생연1동행정복지센터 주차장 내,경기도,연중무휴,09:00,18:00,Y,N,AC3상,1,0,N,경기도 동두천시 장고갯로 140,경기도 동두천시 생연동 215-1번지,포스코ICT,1600-4047,37.9073701,127.0658805,2019-08-01
동두천시청,동두천시청 주차장 내,경기도,연중무휴,00:00,24:00,Y,N,DC차데모+AC3상+DC콤보,1,0,N,경기도 동두천시 방죽로 23,경기도 동두천시 생연동 438번지,한국전기자동차충전서비스,1522-1782,37.903514,127.061156,2019-08-01
이마트중동점,경기도 부천시 석천로 188,경기도,매주 2주 일요일+4주 일요일,10:00,24:00,N,Y,DC차데모+AC3상,0,1,N,경기도 부천시 석천로 188,경기도 부천시 중동 1157번지,한국자동차환경협회,1661-9408,37.504061,126.763902,2019-05-28
순천향대부천병원,경기도 부천시 조마루로 170,경기도,연중무휴,00:00,24:00,N,Y,DC차데모+AC3상+DC콤보,0,1,N,경기도 부천시 조마루로 170,경기도 부천시 중동 1174번지,포스코ICT,1600-4047,37.498601,126.763006,2019-05-28
한국전력부천지사,경기도 부천시 부천로 264번길 4,경기도,연중무휴,06:00,23:00,N,Y,DC차데모+AC3상+DC콤보,0,1,N,경기도 부천시 부천로264번길 4,경기도 부천시 도당동 185-148번지,한국전력,1899-2100,37.507194,126.786351,2019-05-28
부천대성모터스㈜,경기도 부천시 신흥로 413번길 18,경기도,법정 공휴일,08:30,18:00,N,Y,DC차데모,0,1,N,경기도 부천시 신흥로413번길 18,경기도 부천시 삼정동 198번지,기아자동차,080-200-2000,37.520658,126.774384,2019-05-28
부천블루핸즈오토맥스,경기도 부천시 부천로 190,경기도,법정 공휴일,09:00,18:00,Y,N,AC완속,1,0,N,경기도 부천시 부천로 190,경기도 부천시 춘의동 202-1번지,현대자동차,080-600-6000,37.501013,126.786974,2019-05-28
롯데마트 판교점,내부 주차장,경기도,"둘째,넷째일요일",00:00,24:00,N,Y,DC차데모+AC3상+DC콤보,,1,Y,경기도 성남시 분당구 삼평동 741 지하2층 E01번,경기도 성남시 분당구 삼평동 741 지하2층 E01번,환국환경공단,1661-9408,37.395764,127.113484,2018-06-30
산성역환승주차장,내부 주차장,경기도,연중무휴,00:00,24:00,N,Y,DC차데모+AC3상+DC콤보,,1,N,경기도 성남시 수정로366번길 7,경기도 성남시 수정구 산성동 6,한국전기차중전서비스,1522-1782,37.456654,127.150712,2018-06-30
성남종합운동장,내부 주차장,경기도,연중무휴,00:00,24:00,N,Y,DC차데모+AC3상+DC콤보,,1,Y,경기도 성남시 중원구 제일로 60,경기도 성남시 중원구 성남동 3110번지,포스코ICT,1600-4047,37.4325568,127.1379572,2018-06-30
성남시 이마트(분당점),내부 주차장,경기도,"둘째,넷째일요일",00:00,24:00,Y,N,AC완속,1,,Y,경기도 성남시 분당구 불정로 134,경기도 성남시 분당구 정자동 211번지,환국환경공단,1661-9408,37.358932,127.119712,2018-06-30
성남시 이마트(성남점),내부 주차장,경기도,"둘째,넷째일요일",00:00,24:00,Y,N,AC완속,1,,Y,경기도 성남시 수정구 수정로 201,경기도 성남시 수정구 태평동 7336번지 성남태평동신세계쉐덴,환국환경공단,1661-9408,37.444346,127.141375,2018-06-30
성남시 현대백화점(판교점),내부 주차장,경기도,매월세째주월요일,00:00,24:00,Y,N,AC완속,1,,Y,경기도 성남시 분당구 판교역로 146번길 20,경기도 성남시 분당구 백현동 541번지,환국환경공단,1661-9408,37.392681,127.111953,2018-06-30
성남아트센터,외부 주차장,경기도,연중무휴,00:00,24:00,N,Y,DC차데모+AC3상+DC콤보,,1,Y,경기도 성남시 분당구 성남대로 808,경기도 성남시 분당구 야탑동 757번지,환국환경공단,1661-9408,37.402879,127.131235,2018-06-30
이마트 성남점,내부 주차장,경기도,"둘째,넷째일요일",00:00,24:00,N,Y,DC차데모+AC3상,,1,Y,경기도 성남시 수정구 수정로 201,경기도 성남시 수정구 태평동 7336번지 성남태평동신세계쉐덴,환국환경공단,1661-9408,37.444346,127.141375,2018-06-30
동양컴퓨터학원 앞(공중전화부스),외부 주차장,경기도,연중무휴,00:00,24:00,N,Y,DC차데모+AC3상+DC콤보,,1,N,경기도 성남시 중원구 중앙동 1175,경기도 성남시 중원구 중앙동 1175,환국환경공단,1661-9408,37.439987,127.145631,2018-06-30
율동자연공원 B주차장,외부 주차장,경기도,연중무휴,00:00,24:00,N,Y,DC차데모+AC3상+DC콤보,,1,N,경기도 성남시 분당구 서현로 459,경기도 성남시 분당구 분당동 112번지,환국환경공단,1661-9408,37.373504,127.148002,2018-06-30
블루핸즈 동양공업사,외부 주차장,경기도,연중무휴,00:00,24:00,Y,N,AC완속,1,,N,경기도 성남시 중원구 상대원동 358-2,경기도 성남시 중원구 상대원동 358-2,환국환경공단,1661-9408,37.434215,127.179719,2018-06-30
동양 공업사,외부 주차장,경기도,연중무휴,00:00,24:00,N,Y,DC차데모,,1,N,경기도 성남시 중원구 순환로 116,경기도 성남시 중원구 상대원동 358-2번지,한국전력공사,031-750-3332,37.434326,127.179719,2018-06-30
성남시 이마트 에브리데이(서판교점),내부 주차장,경기도,"둘째,넷째일요일",00:00,24:00,Y,N,AC완속,1,,Y,경기도 성남시 분당구 운중로277번길 45,경기도 성남시 분당구 판교동 620번지,환국환경공단,1661-9408,37.390597,127.0909955,2018-06-30
성남시 동양공업사,외부 주차장,경기도,연중무휴,00:00,24:00,Y,N,AC완속,1,,N,경기도 성남시 중원구 순환로 116,경기도 성남시 중원구 상대원동 358-2번지,환국환경공단,1661-9408,37.434326,127.179719,2018-06-30
성남시 이마트(분당점),내부 주차장,경기도,"둘째,넷째일요일",00:00,24:00,Y,N,AC완속,1,,Y,경기도 성남시 분당구 불정로 134,경기도 성남시 분당구 정자동 211번지,환국환경공단,1661-9408,37.358932,127.119712,2018-06-30
성남시 이마트(성남점),내부 주차장,경기도,"둘째,넷째일요일",00:00,24:00,Y,N,AC완속,1,,Y,경기도 성남시 수정구 수정로 201,경기도 성남시 수정구 태평동 7336번지 성남태평동신세계쉐덴,환국환경공단,1661-9408,37.444346,127.141375,2018-06-30
산성역환승주차장,내부 주차장,경기도,연중무휴,00:00,24:00,N,Y,DC차데모+AC3상+DC콤보,,1,N,경기도 성남시 수정로366번길 7,경기도 성남시 수정구 산성동 6,한국전기차중전서비스,1522-1782,37.456654,127.150712,2018-06-30
산성역환승주차장,내부 주차장,경기도,연중무휴,00:00,24:00,N,Y,DC차데모+AC3상+DC콤보,,1,N,경기도 성남시 수정로366번길 7,경기도 성남시 수정구 산성동 6,한국전기차중전서비스,1522-1782,37.456654,127.150712,2018-06-30
상대원1동공영주차장,내부 주차장,경기도,연중무휴,00:00,24:00,N,Y,DC차데모+AC3상+DC콤보,,1,N,경기도 성남시 중원구 사기막골로 45번길 42,경기도 성남시 중원구 상대원동 152-1,한국전기차중전서비스,1522-1782,37.438912,127.168462,2018-06-30
상대원1동공영주차장,내부 주차장,경기도,연중무휴,00:00,24:00,N,Y,DC차데모+AC3상+DC콤보,,1,N,경기도 성남시 중원구 사기막골로 45번길 42,경기도 성남시 중원구 상대원동 152-1,한국전기차중전서비스,1522-1782,37.438912,127.168462,2018-06-30
상대원1동공영주차장,내부 주차장,경기도,연중무휴,00:00,24:00,N,Y,DC차데모+AC3상+DC콤보,,1,N,경기도 성남시 중원구 사기막골로 45번길 42,경기도 성남시 중원구 상대원동 152-1,한국전기차중전서비스,1522-1782,37.438912,127.168462,2018-06-30
판교공영주차장,내부 주차장,경기도,연중무휴,00:00,24:00,N,Y,DC차데모+AC3상+DC콤보,,1,N,경기도 성남시 분당구 삼평동 산25-2,경기도 성남시 분당구 판교동 산 25-2,한국전기차중전서비스,1522-1782,37.393888,127.110592,2018-06-30
판교공영주차장,내부 주차장,경기도,연중무휴,00:00,24:00,N,Y,DC차데모+AC3상+DC콤보,,1,N,경기도 성남시 분당구 삼평동 산25-2,경기도 성남시 분당구 판교동 산 25-2,한국전기차중전서비스,1522-1782,37.393888,127.110592,2018-06-30
판교공영주차장,내부 주차장,경기도,연중무휴,00:00,24:00,N,Y,DC차데모+AC3상+DC콤보,,1,N,경기도 성남시 분당구 삼평동 산25-2,경기도 성남시 분당구 판교동 산 25-2,한국전기차중전서비스,1522-1782,37.393888,127.110592,2018-06-30
성남시 이마트 에브리데이(서판교점),내부 주차장,경기도,"둘째,넷째일요일",00:00,24:00,Y,N,AC완속,1,,Y,경기도 성남시 분당구 운중로277번길 45,경기도 성남시 분당구 판교동 620번지,환국환경공단,1661-9408,37.390597,127.0909955,2018-06-30
성남시청,외부 주차장,경기도,연중무휴,00:00,24:00,N,Y,DC차데모+AC3상+DC콤보,,1,N,경기도 성남시 중원구 성남대로 997,경기도 성남시 중원구 여수동 200번지,환국환경공단,1661-9408,37.419612,127.125879,2018-06-30
성남 맛고을 주차장,내부 주차장,경기도,연중무휴,00:00,24:00,N,Y,DC차데모+AC3상+DC콤보,,1,N,경기도 성남시 분당구 야탑로 111번길 12-14,경기도 성남시 분당구 야탑동 385번지,환국환경공단,1661-9408,37.411767,127.131708,2018-06-30
성남지사,외부 주차장,경기도,연중무휴,00:00,24:00,N,Y,DC차데모+AC3상+DC콤보,,1,N,경기도 성남시 수정구 제일로 202,경기도 성남시 수정구 태평동 3742번지,한국전력공사,031-750-3332,37.444636,127.130414,2018-06-30
성남시 참나무향기식당,외부 주차장,경기도,연중무휴,00:00,24:00,Y,N,AC완속,1,,N,경기도 성남시 분당구 새마을로 181,경기도 성남시 분당구 율동 115-1번지,환국환경공단,1600-4047,37.384211,127.150663,2018-06-30
성남시 현대백화점(판교점),내부 주차장,경기도,매월세째주월요일,00:00,24:00,Y,N,AC완속,1,,Y,경기도 성남시 분당구 판교역로 146번길 20,경기도 성남시 분당구 백현동 541번지,환국환경공단,1661-9408,37.392681,127.111953,2018-06-30
성남대형주차장,외부 주차장,경기도,연중무휴,00:00,24:00,N,Y,DC차데모+AC3상+DC콤보,,1,N,경기도 성남시 중원구 둔촌대로 10,경기도 성남시 중원구 성남동 4596,한국전기차중전서비스,1522-1782,37.428912,127.120122,2018-06-30
포스코ICT 판교,내부 주차장,경기도,연중무휴,00:00,24:00,N,Y,DC차데모+AC3상+DC콤보,,1,N,경기도 성남시 분당구 판교로 255,경기도 성남시 분당구 삼평동 622번지,환국환경공단,1600-4047,37.404313,127.102497,2018-06-30
중원구보건소,외부 주차장,경기도,연중무휴,00:00,24:00,N,Y,DC차데모+AC3상+DC콤보,,1,N,경기도 성남시 중원구 금상로 137,경기도 성남시 중원구 상대원동 269-10번지,포스코ICT,1600-4047,37.4418855,127.1705633,2018-06-30
성남지사,외부 주차장,경기도,연중무휴,00:00,24:00,N,Y,DC차데모+AC3상+DC콤보,,1,N,경기도 성남시 수정구 제일로 202,경기도 성남시 수정구 태평동 3742번지,한국전력공사,031-750-3332,37.444636,127.130414,2018-06-30
분당구청,외부 주차장,경기도,연중무휴,00:00,24:00,Y,N,AC완속,1,,N,경기도 성남시 분당구 분당로 50,경기도 성남시 분당구 수내동 1,포스코ICT,1600-4047,37.382633,127.118957,2018-06-30
분당구청,외부 주차장,경기도,연중무휴,00:00,24:00,N,Y,DC차데모+AC3상+DC콤보,,1,N,경기도 성남시 분당구 분당로 50,경기도 성남시 분당구 수내동 1,포스코ICT,1600-4047,37.382633,127.118957,2018-06-30
탄천종합운동장,내부 주차장,경기도,연중무휴,00:00,24:00,N,Y,DC차데모+AC3상+DC콤보,,1,N,경기도 성남시 분당구 탄천로 215,경기도 성남시 분당구 야탑동 486,한국전기차중전서비스,1522-1782,37.411849,127.120559,2018-06-30
하나로마트 성남점,외부 주차장,경기도,연중무휴,00:00,24:00,N,Y,DC차데모+AC3상+DC콤보,,1,Y,경기도 성남시 분당구 성남대로 43번길 11,경기도 성남시 분당구 구미동 174번지,환국환경공단,1661-9408,37.338889,127.106672,2018-06-30
SK아트리움,지상1층 귀빈주차장,경기도,N,00:00,23:59,N,Y,DC차데모+AC3상+DC콤보,0,1,Y,경기도 수원시 장안구 이목로 24-25,경기도 수원시 장안구 정자동 947번지,수원시청,031-228-3239,37.3096669,126.9864865,2019-02-01
경기남부지방경찰청,주차장,경기도,N,00:00,23:59,N,Y,DC차데모+AC3상+DC콤보,0,1,N,경기도 수원시 장안구 창룡대로 223,경기도 수원시 장안구 연무동 산11-2번지,에스트래픽,080-805-0010,37.2950153,127.0334240,2019-02-01
이마트 서수원점,지하1층 C12구역,경기도,"매월2,4주일요일",10:00,23:59,N,Y,DC차데모+AC3상,0,1,N,경기도 수원시 권선구 수인로 291,경기도 수원시 권선구 구운동 925번지,환경부(한국자동차환경협회),1661-9408,37.2825088,126.9701447,2019-02-01
홈플러스 동수원점,지하1층 A01구역,경기도,"매월2,4주일요일",10:00,23:59,N,Y,DC차데모+AC3상,0,1,N,경기도 수원시 팔달구 효원로 257,경기도 수원시 팔달구 인계동 1045번지,환경부(한국자동차환경협회),1661-9408,37.2627661,127.0301315,2019-02-01
롯데마트 영통점,지하5층 503구역,경기도,"매월2,4주일요일",00:00,23:59,N,Y,DC차데모+AC3상+DC콤보,0,1,N,경기도 수원시 영통구 봉영로 1579,경기도 수원시 영통구 영통동 960-1번지,환경부(한국자동차환경협회),1661-9408,37.2527036,127.0716535,2019-02-01
장안구청,지하1층 A01구역,경기도,N,00:00,23:59,N,Y,DC차데모+AC3상+DC콤보,0,1,Y,경기도 수원시 장안구 송원로 101,경기도 수원시 장안구 조원동 888번지,환경부(한국자동차환경협회),1661-9408,37.3031937,127.0099060,2019-02-01
권선구청,지상1층,경기도,N,00:00,23:59,N,Y,DC차데모+AC3상+DC콤보,0,1,Y,경기도 수원시 권선구 호매실로 12,경기도 수원시 권선구 탑동 900번지,수원시청,031-228-3239,37.2576833,126.9724145,2019-02-01
영통구청,지상1층 공용차주차장,경기도,N,00:00,23:59,N,Y,DC차데모+AC3상+DC콤보,0,1,Y,경기도 수원시 영통구 효원로 407,경기도 수원시 영통구 매탄동 1268번지,수원시청,031-228-3239,37.2592071,127.0469476,2019-02-01
광교호수 행복한들주차장,지상1층,경기도,N,00:00,23:59,N,Y,DC차데모+AC3상+DC콤보,0,1,Y,경기도 수원시 영통구 광교호수로 171,경기도 수원시 영통구 하동 1000번지,수원시청,031-228-3239,37.2743429,127.0652188,2019-02-01
수원시청,지상1층 전광판 옆,경기도,N,00:00,23:59,N,Y,DC차데모+AC3상+DC콤보,0,2,Y,경기도 수원시 팔달구 효원로 241,경기도 수원시 팔달구 인계동 1111번지,한국전력공사,1899-2100,37.2633400,127.0286437,2019-02-01
영화동공영주차장,지상1층,경기도,N,00:00,23:59,N,Y,DC차데모+AC3상+DC콤보,0,2,Y,경기도 수원시 장안구 수성로 382번길 24,경기도 수원시 장안구 영화동 250-1 영화동주민센터,한국전력공사,1899-2100,37.2931378,127.0140837,2019-02-01
한국전력공사 서수원지사,지상1층 주차장,경기도,N,06:00,23:00,N,Y,DC차데모+AC3상+DC콤보,0,2,N,경기도 수원시 권선구 호매실로 46-82,경기도 수원시 권선구 탑동 908번지,한국전력공사,1899-2100,37.2581454,126.9691985,2019-02-01
수원중부경찰서,주차장,경기도,N,00:00,23:59,N,Y,DC차데모+AC3상+DC콤보,0,1,N,경기도 수원시 장안구 정자천로 199,경기도 수원시 장안구 정자동 873-4번지,에스트래픽,080-805-0010,37.2978924,126.9968183,2019-02-01
수원서부경찰서,주차장,경기도,N,00:00,23:59,N,Y,DC차데모+AC3상+DC콤보,0,1,N,경기도 수원시 권선구 서부로 1673,경기도 수원시 권선구 탑동 911번지,에스트래픽,080-805-0010,37.2585488,126.9726801,2019-02-01
에스케이블루오피스텔,지하주차장,경기도,N,00:00,23:59,Y,N,AC완속,2,0,Y,경기도 수원시 장안구 서부로 2139,경기도 수원시 장안구 율전동 285-2번지,케이티,1522-4700,37.2994074,126.9716532,2019-02-01
이마트광교점,3층 주차장 I-4 구역,경기도,"매월2,4주일요일",10:00,23:00,Y,N,AC완속,2,0,N,경기도 수원시 영통구 광교로 191,경기도 수원시 영통구 이의동 1240번지,포스코ICT,1600-4047,37.2963665,127.0468963,2019-02-01
수원화성박물관(팔달구청),지상1층 출입구 우측,경기도,N,00:00,23:59,N,Y,DC차데모+AC3상+DC콤보,0,1,Y,경기도 수원시 팔달구 창룡대로 21,경기도 수원시 팔달구 매향동 49번지,환경부(한국자동차환경협회),1661-9408,37.2831096,127.0184566,2019-02-01
행궁동 생태공원,지상1층,경기도,N,00:00,23:59,N,Y,DC차데모+AC3상+DC콤보,0,1,N,경기도 수원시 팔달구 신풍로 44(신풍동),경기도 수원시 팔달구 신풍동 156,수원시청,031-228-3239,37.2851077,127.0145244,2019-02-01
한국전력공사 경기지역본부,지상1층 주차장,경기도,N,06:00,23:00,N,Y,DC차데모+AC3상+DC콤보,0,2,N,경기도 수원시 팔달구 중부대로 120,경기도 수원시 팔달구 인계동 203-10번지,한국전력공사,1899-2100,37.2771334,127.0293603,2019-02-01
홈플러스 원천점,지상 1층 43기둥옆,경기도,"매월2,4주일요일",10:00,22:00,N,Y,DC차데모+AC3상+DC콤보,0,1,N,경기도 수원시 영통구 중부대로 437,경기도 수원시 영통구 원천동 177-1번지,한국전력공사,1899-2100,37.2700194,127.0635891,2019-02-01
영통공영주차장,지하2층 입구쪽,경기도,N,00:00,23:59,N,Y,DC차데모+AC3상+DC콤보,0,2,Y,경기도 수원시 영통구 봉영로 1598,경기도 수원시 영통구 영통동 995-3번지,한국전력공사,1899-2100,37.2532972,127.0739442,2019-02-01
한국전력 경기전력관리처,주차장 입구 좌측,경기도,N,06:00,23:00,N,Y,DC차데모+AC3상+DC콤보,0,1,N,경기도 수원시 영통구 창룡대로 236-31,경기도 수원시 영통구 이의동 907-1번지,한국전력공사,1899-2100,37.2935561,127.0374662,2019-02-01
수원청소년문화센터,센터 정면 주차장,경기도,N,00:00,23:59,N,Y,DC차데모+AC3상+DC콤보,0,2,N,경기도 수원시 팔달구 권광로 293,경기도 수원시 팔달구 인계동 333번지,한국전력공사,1899-2100,37.2741231,127.0348936,2019-02-01
태장동주민센터,주차장 입구 좌측,경기도,N,00:00,23:59,N,Y,DC차데모+AC3상+DC콤보,0,1,N,경기도 수원시 영통구 태장로54번길 10,경기도 수원시 영통구 망포동 234-43번지,지엔텔,1544-4279,37.2388149,127.0516229,2019-02-01
홈플러스 북수원점,지하2층,경기도,"매월2,4주일요일",10:00,22:00,N,Y,DC차데모+AC3상+DC콤보,0,1,N,경기도 수원시 장안구 송원로 81,경기도 수원시 장안구 조원동 898-1번지,한국전력공사,1899-2100,37.3022383,127.0094346,2019-02-01
홈플러스 영통점,지하 1층 45번기둥,경기도,"매월2,4주일요일",10:00,22:00,N,Y,DC차데모+AC3상+DC콤보,0,1,N,경기도 수원시 영통구 봉영로 1576,경기도 수원시 영통구 영통동 994-2번지,한국전력공사,1899-2100,37.2517810,127.0725948,2019-02-01
홈플러스 서수원점,지상 3층,경기도,"매월2,4주일요일",10:00,22:00,N,Y,DC차데모+AC3상+DC콤보,0,1,N,경기도 수원시 권선구 금곡로 236,경기도 수원시 권선구 금곡동 1116번지,한국전력공사,1899-2100,37.2744453,126.9559247,2019-02-01
하나로마트 수원유통센터,지상주차장,경기도,N,09:00,23:00,N,Y,DC차데모+AC3상+DC콤보,0,2,N,경기도 수원시 권선구 서부로 1937,경기도 수원시 권선구 구운동 218-1번지,한국전력공사,1899-2100,37.2828282,126.9672677,2019-02-01
이마트 트레이더스,지상 4층,경기도,"매월2,4주일요일",10:00,22:00,Y,Y,DC차데모+AC3상+DC콤보,2,1,N,경기도 수원시 영통구 권선로908번길 9,경기도 수원시 영통구 신동 936-3번지,한국전력공사,1899-2100,37.2460587,127.0480147,2019-02-01
경기도청,운동장 뒤편,경기도,N,00:00,23:59,Y,N,AC완속,8,0,N,경기도 수원시 팔달구 효원로 1,경기도 수원시 팔달구 매산로3가 1-1번지,한국전기차충전소,1522-1782,37.2750510,127.0094448,2019-02-01
경기도 체육회관,건물 왼쪽,경기도,N,00:00,23:59,Y,Y,DC차데모+AC3상+DC콤보,2,1,N,경기도 수원시 장안구 장안로 134,경기도 수원시 장안구 정자동 27-10번지,한국전기차충전소,1522-1782,37.2956283,126.9996174,2019-02-01
롯데마트 광교점,지하주차장,경기도,"매월2,4주일요일",10:00,23:00,N,Y,DC차데모+AC3상+DC콤보,0,1,N,경기도 수원시 영통구 센트럴타운로 85,경기도 수원시 영통구 이의동 1332번지 Summit place 광교,환경부(한국자동차환경협회),1661-9408,37.2904140,127.0507270,2019-02-01
롯데마트 천천점,지상주차장,경기도,"매월2,4주일요일",10:00,23:00,N,Y,DC차데모+AC3상+DC콤보,0,2,N,경기도 수원시 장안구 만석로19번길 25-10,경기도 수원시 장안구 천천동 526번지,환경부(한국자동차환경협회),1661-9408,37.2960979,126.9824075,2019-02-01
수원도시공사,더함파크 주차장 입구 좌측,경기도,N,00:00,23:59,N,Y,DC차데모+AC3상+DC콤보,0,3,N,경기도 수원시 권선구 수인로 126,경기도 수원시 권선구 서둔동 225-1번지,환경부(한국자동차환경협회),1661-9408,37.2768379,126.9829983,2019-02-01
경기도 의회,의회 건물 맞은편,경기도,N,00:00,23:59,Y,Y,DC차데모+AC3상+DC콤보,1,1,N,경기도 수원시 팔달구 효원로 1,경기도 수원시 팔달구 매산로3가 1-1번지,한국전기차충전소,1522-1782,37.2750510,127.0094448,2019-02-01
성균관대학교,"실내체육관 1층 6대, 나노센터 지하2층 2대",경기도,N,00:00,23:59,Y,N,DC차데모+AC3상+DC콤보,8,0,Y,경기도 수원시 장안구 서부로 2066,경기도 수원시 장안구 천천동 300번지 지하2충,포스코ICT,1600-4047,37.2939168,126.9732106,2019-02-01
수원여자대학교,미림관 입구쪽,경기도,N,00:00,23:59,Y,Y,DC차데모+AC3상+DC콤보,1,1,N,경기도 수원시 권선구 온정로 72,경기도 수원시 권선구 오목천동 산1-6번지,한국전기차충전소,1522-1782,37.2522317,126.9635237,2019-02-01
경진셀프주유소,정면,경기도,N,00:00,23:59,N,Y,DC차데모+AC3상+DC콤보,0,1,N,경기도 수원시 장안구 경수대로 1059,경기도 수원시 장안구 파장동 585-4번지,환경부(한국자동차환경협회),1661-9408,37.3079243,126.9962023,2019-02-01
롯데마트 권선점,지하2층 주차장 좌측,경기도,"매월2,4주일요일",10:00,23:00,N,Y,DC차데모+AC3상+DC콤보,0,3,N,경기도 수원시 권선구 동수원로 232,경기도 수원시 권선구 권선동 1296-5번지,환경부(한국자동차환경협회),1661-9408,37.2502201,127.0346879,2019-02-01
화서역환승주차장,지상1층 공중화장실쪽,경기도,N,00:00,23:59,N,Y,DC차데모+AC3상+DC콤보,0,2,Y,경기도 수원시 팔달구 덕영대로 691-13,경기도 수원시 팔달구 화서동 643번지,한국전력공사,1899-2100,37.2855407,126.9907526,2019-02-01
정왕1동 주민센터,외부 주차장,경기도,연중무휴,00:00,23:59,Y,N,,,,N,경기도 시흥시 정왕대로298번길 15,경기도 시흥시 정왕동 1785-3번지 정왕1동주민센터,경기도 시흥시청,,37.3402638,126.7438852,2019-05-23
갯골생태공원,외부 주차장,경기도,연중무휴,00:00,23:59,N,Y,,,,Y,경기도 시흥시 동서로 287,경기도 시흥시 장곡동 724-32 오른쪽 주차장 입구 오른쪽 끝부지,경기도 시흥시청,,37.3897919,126.780772,2019-05-23
물왕영업소,외부 주차장,경기도,연중무휴,00:00,23:59,N,Y,,,,N,경기도 시흥시 금이진말길 34,경기도 시흥시 금이동 535-9번지,경기도 시흥시청,,37.3919333,126.8289318,2019-05-23
시흥상공휴게소,외부 주차장,경기도,연중무휴,00:00,23:59,N,Y,,,,N,경기도 시흥시 조남동198-21,경기도 시흥시 조남동 198-21,경기도 시흥시청,,37.383496,126.854432,2019-05-23
신세계아울렛,외부 주차장,경기도,연중무휴,10:00,23:00,Y,N,,,,N,경기도 시흥시 서해안로 699,경기도 시흥시 정왕동 1772-7번지 1층 주차장 입구,경기도 시흥시청,,37.3796992,126.7364451,2019-05-23
세화제2주유소,외부 주차장,경기도,연중무휴,00:00,23:59,N,Y,,,,N,경기도 시흥시 동서로 425,경기도 시흥시 장현동 78번지,경기도 시흥시청,,37.3841007,126.7942406,2019-05-23
솔트베이골프클럽(솔트베이GC),외부 주차장,경기도,연중무휴,00:00,23:59,Y,N,,,,N,경기도 시흥시 마유로 987,경기도 시흥시 장곡동 724-2번지,경기도 시흥시청,,37.3910929,126.779749,2019-05-23
하중제3주차장,외부 주차장,경기도,연중무휴,00:00,23:59,N,Y,,,,Y,,경기도 시흥시 하중동 866-1,경기도 시흥시청,,37.3917987,126.8060759,2019-05-23
군자동 주민센터,외부 주차장,경기도,연중무휴,00:00,23:59,Y,N,,,,N,경기도 시흥시 도일로102번길 11,경기도 시흥시 거모동 1660-2번지 군자동주민센터,경기도 시흥시청,,37.3400232,126.7849961,2019-05-23
정왕본동 주민센터,외부 주차장,경기도,연중무휴,00:00,23:59,Y,N,,,,N,경기도 시흥시 역전로 228,경기도 시흥시 정왕동 2149-3번지 정왕본동주민센터,경기도 시흥시청,,37.3493991,126.7461675,2019-05-23
정왕2동 주민센터,외부 주차장,경기도,연중무휴,00:00,23:59,Y,N,,,,N,경기도 시흥시 정왕대로 122,경기도 시흥시 정왕동 1849-1번지 정왕2동주민센터,경기도 시흥시청,,37.3510372,126.7287245,2019-05-23
홈플러스 시화점,내부 주차장,경기도,연중무휴,10:00,23:00,N,Y,,,,N,경기도 시흥시 희망공원로 269,경기도 시흥시 정왕동 2166-4번지 지상주차장 1층 A0구역,경기도 시흥시청,,37.3452082,126.7250547,2019-05-23
검도회관,외부 주차장,경기도,연중무휴,00:00,23:59,Y,Y,,,,N,경기도 시흥시 봉화로 23,경기도 시흥시 정왕동 1774-2번지,경기도 시흥시청,,37.3678439,126.7369157,2019-05-23
신천천하단공영주차장,외부 주차장,경기도,연중무휴,00:00,23:59,Y,N,,,,Y,경기도 시흥시 신천천동로 2,경기도 시흥시 신천동 803번지 지상1층주차장(시흥시 신천동803 지상1층주차장),경기도 시흥시청,,37.4389655,126.7864032,2019-05-23
삼미노상주차장,외부 주차장,경기도,연중무휴,00:00,23:59,Y,N,,,,Y,경기도 시흥시 호현로10번길 15-1,경기도 시흥시 신천동 707-16번지,경기도 시흥시청,,37.4404163,126.784871,2019-05-23
장곡제2주차장,외부 주차장,경기도,연중무휴,00:00,23:59,N,Y,,,,Y,,경기도 시흥시 장곡동 819-1,경기도 시흥시청,,37.3778587,126.7847734,2019-05-23
대야제5주차장,외부 주차장,경기도,연중무휴,00:00,23:59,Y,N,,,,Y,,경기도 시흥시 대야동 528-3,경기도 시흥시청,,37.4425495,126.7889364,2019-05-23
정왕역환승주차장,외부 주차장,경기도,연중무휴,00:00,23:59,N,Y,,,,Y,,경기도 시흥시 정왕동 876-366,경기도 시흥시청,,37.3506410,126.7453387,2019-05-23
롯데마트 시흥배곧점,내부 주차장,경기도,연중무휴,10:00,23:00,Y,Y,,,,N,경기도 시흥시 서울대학로278번길 67,경기도 시흥시 정왕동 2537-1번지 지상4층 주차장 A4,경기도 시흥시청,,37.3688907,126.7315058,2019-05-23
시흥시청,외부 주차장,경기도,연중무휴,00:00,23:59,Y,Y,,,,Y,경기도 시흥시 시청로 20,경기도 시흥시 장현동 300번지,경기도 시흥시청,,37.3802568,126.8031377,2019-05-23
정왕제6공영주차장,외부 주차장,경기도,연중무휴,00:00,23:59,Y,N,,,,Y,경기도 시흥시 군자천로 332,경기도 시흥시 정왕동 1756번지,경기도 시흥시청,,37.3456377,126.7344203,2019-05-23
정왕제2공영주차장,외부 주차장,경기도,연중무휴,00:00,23:59,Y,N,,,,Y,,경기도 시흥시 정왕동 1456,경기도 시흥시청,,37.3411447,126.7496933,2019-05-23
능곡동 주민센터,외부 주차장,경기도,연중무휴,00:00,23:59,Y,N,,,,N,경기도 시흥시 승지로60번길 28,경기도 시흥시 능곡동 750번지 능곡동주민센터,경기도 시흥시청,,37.3683683,126.8118270,2019-05-23
신천동 주민센터,외부 주차장,경기도,연중무휴,00:00,23:59,Y,N,,,,N,경기도 시흥시 포도원로 72,경기도 시흥시 신천동 265-2번지 신천동주민센터,경기도 시흥시청,,37.4354580,126.7818042,2019-05-23
목감동 주민센터,외부 주차장,경기도,연중무휴,00:00,23:59,Y,N,,,,N,경기도 시흥시 목감초등길 27,경기도 시흥시 조남동 171-3번지 목감동주민센터,경기도 시흥시청,,37.3846234,126.8572903,2019-05-23
대야신천 행정복지센터,외부 주차장,경기도,연중무휴,00:00,23:59,Y,N,,,,Y,경기도 시흥시 소래산길 11,경기도 시흥시 대야동 332-1번지 대야동주민센터,경기도 시흥시청,,37.4479953,126.7849622,2019-05-23
홈플러스 안산점,지상주차장 1층 35구역,경기도,"매월 10일, 4주일요일",10:00,24:00,N,Y,AC3상+DC차데모,0,1,N,"경기도 안산시 상록구 충장로 432, 홈플러스 안산점(성포동)",경기도 안산시 상록구 성포동 586 홈플러스 안산점,한국환경공단,032-590-4000,37.316674,126.854249,2017-04-17
안산문화예술의전당,외부 주차장,경기도,연중무휴,00:00,24:00,N,Y,DC차데모+AC3상+DC콤보,0,1,N,경기도 안산시 단원구 화랑로 312(고잔동),경기도 안산시 단원구 고잔동 817 안산문화예술의전당,한국환경공단,032-590-4000,37.319672,126.822556,2017-04-17
안성휴게소(서울방향),경기도 안성시 원곡면 경부고속도로 372,경기도,연중무휴,00:00,23:59,N,Y,DC차데모+AC3상+DC콤보,0,1,N,경기도 안성시 원곡면 경부고속도로 372,경기도 안성시 원곡면 산하리 67-3번지,한국자동차환경협회,1661-9408,37.077457,127.131745,2019-03-31
공도건강생활지원센터,경기도 안성시 공도읍 공도로 51-11,경기도,연중무휴,00:00,23:59,Y,Y,DC차데모+AC3상+DC콤보,1,1,N,경기도 안성시 공도읍 공도로 51-11,경기도 안성시 공도읍 용두리 264번지,한국전기차충전서비스,1522-1782,36.9996244,127.1660712,2019-03-31
공도읍사무소,안성시 공도읍 공도4로 8 ?도읍사무소 지하주차장,경기도,주말,00:00,18:00,Y,N,AC완속,1,0,N,경기도 안성시 공도읍 공도4로 8,경기도 안성시 공도읍 만정리 793-1번지 공도읍사무소 지하주차장,에버온,1661-7766,37.0010464,127.1726362,2019-03-31
윈체스트골프클럽(윈체스트GC),안성시 서운면 오촌길 97-31,경기도,연중무휴,00:00,23:59,Y,N,AC완속,2,0,N,경기도 안성시 서운면 오촌길 97-31,경기도 안성시 서운면 오촌리 173-4번지,케이티,1522-4700,36.9595152,127.281515,2019-03-31
미양면사무소,안성시 미양면 양지길 29 미양면사무소,경기도,연중무휴,00:00,23:59,N,Y,DC차데모+AC3상+DC콤보,0,1,N,경기도 안성시 미양면 양지길 29,경기도 안성시 미양면 양지리 190번지 미양면사무소,한국전기차충전서비스,1522-1782,36.9752703,127.2151042,2019-03-31
대덕면사무소,안성시 대덕면 중앙로 82 대덕면사무소,경기도,연중무휴,00:00,23:59,Y,N,AC완속,1,0,N,경기도 안성시 대덕면 중앙로 82,경기도 안성시 대덕면 건지리 425-1번지 대덕면사무소,에버온,1661-7766,37.0124067,127.2380032,2019-03-31
원곡면사무소,경기도 안성시 원곡면 가천중앙1길 46 원곡면사무소,경기도,연중무휴,00:00,23:59,Y,N,AC완속,1,0,N,경기도 안성시 원곡면 가천중앙1길 46,경기도 안성시 원곡면 외가천리 273-1번지 원곡면사무소,에버온,1661-7766,37.0397352,127.1295178,2019-03-31
일죽면사무소,안성시 일죽면 금일로433 일죽면사무소,경기도,연중무휴,00:00,23:59,N,Y,DC차데모+AC3상+DC콤보,0,1,N,경기도 안성시 일죽면 금일로 433,경기도 안성시 일죽면 송천리 253-1번지 일죽면사무소,시그넷이브이,070-4618-6057,37.0905965,127.4769381,2019-03-31
죽산면사무소,안성시 죽산면 죽산초교길 61 죽산면사무소,경기도,연중무휴,00:00,23:59,Y,N,AC완속,1,0,N,경기도 안성시 죽산면 죽산초교길 61,경기도 안성시 죽산면 죽산리 348번지 죽산면사무소,에버온,1661-7766,37.0783361,127.4224638,2019-03-31
안성시청,경기도 안성시 시청길 25,경기도,연중무휴,00:00,23:59,Y,Y,DC차데모+AC3상+DC콤보,1,1,N,경기도 안성시 시청길 25,경기도 안성시 봉산동 31-3번지,한국자동차환경협회,1661-9408,37.008365,127.278909,2019-03-31
안성맞춤휴게소(평택방향),"경기도 안성시 서운면 평택제천고속도로 41, 제2소형주차장 여성전용주차장 옆",경기도,연중무휴,00:00,23:59,N,Y,DC차데모+AC3상+DC콤보,0,1,N,경기도 안성시 서운면 평택제천고속도로 41,경기도 안성시 서운면 신능리 51-16번지 제2소형주차장 여성전용주차장 옆,한국자동차환경협회,1661-9408,36.9700252,127.274084,2019-03-31
안성휴게소(부산방향),경기도 안성시 원곡면 경부고속도로 365,경기도,연중무휴,00:00,23:59,N,Y,DC차데모+AC3상+DC콤보,0,1,N,경기도 안성시 원곡면 경부고속도로 365,경기도 안성시 원곡면 반제리 642-6번지,한국자동차환경협회,1661-9408,37.012895,127.144941,2019-03-31
안성맞춤휴게소(제천방향),"경기도 안성시 서운면 평택제천고속도로 41, 제2소형주차장 여성전용주차장 옆",경기도,연중무휴,00:00,23:59,N,Y,DC차데모+AC3상+DC콤보,0,1,N,경기도 안성시 서운면 평택제천고속도로 41,경기도 안성시 서운면 신능리 51-16번지 제2소형주차장 여성전용주차장 옆,한국자동차환경협회,1661-9408,36.968061,127.275003,2019-03-31
골프존카운티안성Q,안성시 죽산면 장계길 20-229(장계리),경기도,연중무휴,00:00,23:59,Y,N,AC완속,2,0,N,경기도 안성시 죽산면 장계길 20-229,경기도 안성시 죽산면 장계리 711번지,케이티,1522-4700,37.0486238,127.3958758,2019-03-31
양성면사무소,안성시 양성면 읍내길 21 양성면사무소,경기도,연중무휴,00:00,23:59,Y,N,AC완속,1,0,N,경기도 안성시 양성면 읍내길 21,경기도 안성시 양성면 동항리 324번지 양성면사무소,에버온,1661-7766,37.0599261,127.1948798,2019-03-31
안성시보건소,경기도 안성시 강변로 74번길 18(도기동),경기도,연중무휴,00:00,23:59,Y,N,AC완속,2,0,N,경기도 안성시 강변로74번길 18,경기도 안성시 도기동 67-21번지,한국전기차충전서비스,1522-1782,37.0001476,127.2698156,2019-03-31
중앙대학교,경기도 안성시 대덕면 내리 72-1,경기도,연중무휴,00:00,23:59,Y,Y,DC차데모+AC3상+DC콤보,1,2,N,경기도 안성시 대덕면 서동대로 4726,경기도 안성시 대덕면 내리 10-1번지,에스트래픽,080-805-0010,37.007158,127.227901,2019-03-31
안성경찰서,경기도 안성시 알미산로 140(옥산동 435-13),경기도,연중무휴,00:00,23:59,N,Y,DC차데모+AC3상+DC콤보,0,1,N,경기도 안성시 알미산로 140,경기도 안성시 도기동 544-8번지,에스트래픽,080-805-0010,37.000483,127.2488753,2019-03-31
농협미래농업지원센터,경기도 안성시 공도읍 대신두길 13,경기도,연중무휴,00:00,23:59,N,Y,AC완속,0,2,N,경기도 안성시 공도읍 대신두길 13,경기도 안성시 공도읍 신두리 336-1번지,한국전기차충전서비스,1522-1782,36.996394,127.194072,2019-03-31
롯데마트 안성점,"경기도 안성시 공도읍 서동대로 4478, 정문부근 옥외주차장",경기도,연중무휴,00:00,23:59,N,Y,AC완속,0,3,N,경기도 안성시 공도읍 서동대로 4478,경기도 안성시 공도읍 양기리 306번지,환경부(한국자동차환경협회),1661-9408,37.008107,127.199693,2019-03-31
골프존카운티 안성H,경기도 안성시 보개면 보삼로 302 골프존카운티,경기도,연중무휴,00:00,23:59,Y,N,DC차데모+AC3상+DC콤보,2,0,N,경기도 안성시 보개면 보삼로 302,경기도 안성시 보개면 북가현리 산65-1번지,케이티,1522-4700,37.0953426,127.342413,2019-03-31
골프존카운티 안성W,경기도 안성시 양성면 교동길 19-70 골프존카운티,경기도,연중무휴,00:00,23:59,Y,N,DC차데모+AC3상+DC콤보,2,0,N,경기도 안성시 양성면 교동길 19-70,경기도 안성시 양성면 동항리 25-1번지,케이티,1522-4700,37.0754818,127.195376,2019-03-31
에덴블루컨트리클럽[죽산개발㈜],경기도 안성시 죽산면 녹배길 175,경기도,연중무휴,00:00,23:59,Y,N,DC차데모+AC3상+DC콤보,3,0,N,경기도 안성시 죽산면 녹배길 175,경기도 안성시 죽산면 장능리 848-5번지,케이티,1522-4700,37.0598348,127.383906,2019-03-31
GS수퍼마켓 안성점,경기도 안성시 영동 410,경기도,연중무휴,00:00,23:59,N,Y,AC완속,0,1,N,경기도 안성시 중앙로 430,경기도 안성시 영동 410번지,대영채비,1522-2573,37.006118,127.274352,2019-03-31
서운면사무소,경기도 안성시 서운면 서운중앙길 23 서운면사무소,경기도,연중무휴,00:00,23:59,Y,N,AC완속,1,0,N,경기도 안성시 서운면 서운중앙길 23,경기도 안성시 서운면 인리 107-4번지 서운면사무소,에버온,1661-7766,36.9430644,127.2594572,2019-03-31
삼죽면사무소,안성시 삼죽면 삼죽로 112 삼죽면사무소,경기도,연중무휴,00:00,23:59,Y,N,AC완속,1,0,N,경기도 안성시 삼죽면 삼죽로 112,경기도 안성시 삼죽면 용월리 산27-8번지 삼죽면사무소,에버온,1661-7766,37.073155,127.374921,2019-03-31
복합교육문화센터,안성시 현수동 80,경기도,연중무휴,00:00,23:59,N,Y,DC차데모+AC3상+DC콤보,0,1,N,경기도 안성시 현수동 80,경기도 안성시 현수동 80,시그넷이브이,070-4618-6057,37.0012303,127.2802238,2019-03-31
현대차 안성지점,경기도 안성시 중앙로 351,경기도,연중무휴,09:00,18:00,Y,N,AC완속,1,0,N,경기도 안성시 중앙로 351,경기도 안성시 석정동 21-1번지,현대자동차,031-672-9944,37.008424,127.2659341,2019-03-31
이마트(안성점),경기도 안성시 중앙로 246 본관 4층 E구역(석정동),경기도,"매월2,4주수요일",10:00,23:00,Y,N,AC완속,2,0,N,경기도 안성시 중앙로 246,경기도 안성시 석정동 149-3번지 본관 4층 E구역,포스코ICT,1600-4047,37.0126934,127.2559145,2019-03-31
한전 안성지사,경기도 안성시 내혜홀1길 14 지사주차장(석정동 270-22),경기도,연중무휴,06:00,23:00,Y,N,DC차데모+AC3상+DC콤보,0,1,N,경기도 안성시 내혜홀1길 14,경기도 안성시 석정동 270-22번지 지사주차장,한국전력,031-670-2245,37.0077895,127.2644592,2019-03-31
관악역3환승공영주차장,입구 맨끝 왼쪽,경기도,-,00:00,24:00,N,Y,AC3상+DC차데모+DC콤보,0,1,Y,경기도 안양시 만안구 경수대로1273번길 49,경기도 안양시 만안구 석수동 110-26,한국자동차환경협회,1661-9408,37.4186319,126.9100920,2018-11-13
홈플러스테스코,내부 주차장,경기도,"매월 2,4주 수요일",00:00,24:00,N,Y,AC3상+DC차데모,0,1,Y,경기도 안양시 동안구 엘에스로 92,경기도 안양시 동안구 호계동 555-9,한국자동차환경협회,1661-9408,37.3716052,126.9521138,2018-11-13
만안구청,지상 주차장,경기도,-,00:00,24:00,N,Y,AC3상+DC차데모+DC콤보,0,1,N,경기도 안양시 만안구 안양로 128,경기도 안양시 만안구 안양동 530,한국자동차환경협회,1661-9408,37.3864723,126.9324215,2018-11-13
평촌지하주차장,지하2층(주차구획 99번),경기도,-,00:00,24:00,Y,N,AC완속,2,0,Y,경기도 안양시 동안구 시민대로 238,경기도 안양시 동안구 관양동 1591-5,한국자동차충전서비스,1522-1782,37.3921972,126.9579826,2018-11-13
안양시청,지상 주차장,경기도,-,00:00,24:00,N,Y,AC3상+DC차데모+DC콤보,0,1,Y,경기도 안양시 동안구 시민대로 235,경기도 안양시 동안구 관양동 1590,한국자동차환경협회,1661-9408,37.3940799,126.9569764,2018-11-13
회천4동주민센터,외부 주차장,경기도,없음,00:00,23:59,N,Y,"DC차데모, AC3상, DC콤보",,1,N,경기도 양주시 옥정로 397-7,경기도 양주시 옥정동 975-2번지,지엔텔,,37.83725348,127.0901717,2020-04-02
덕정역사 공영주차장,외부 주차장,경기도,없음,00:00,23:59,Y,N,"DC차데모, AC3상, DC콤보",2,,N,,경기도 양주시 덕정동 350-271,지엔텔,,37.84135836,127.0620924,2020-04-02
회천3동주민센터,외부 주차장,경기도,없음,00:00,23:59,N,Y,"DC차데모, AC3상, DC콤보",,1,N,경기도 양주시 회정로 143,경기도 양주시 덕정동 206-6번지,지엔텔,,37.83784447,127.0689194,2020-04-02
농협양주농수산물유통센터,외부 주차장,경기도,없음,00:00,23:59,Y,N,"DC차데모, AC3상, DC콤보",3,,N,경기도 양주시 부흥로1907번길 182,경기도 양주시 고읍동 435-18번지,한충전,,37.80055513,127.0739404,2020-04-02
양주시청,보건소 주차장 및 잔디밭,경기도,없음,00:00,23:59,Y,Y,"DC차데모, AC3상, DC콤보",2,2,Y,경기도 양주시 부흥로 1533,경기도 양주시 남방동 1-1번지,한국전력,,37.78556923,127.0466536,2020-04-02
백석농협,외부 주차장,경기도,없음,00:00,23:59,Y,Y,"DC차데모, AC3상, DC콤보",1,1,N,경기도 양주시 백석읍 중앙로 197,경기도 양주시 백석읍 오산리 543-9번지,한충전,,37.79367635,126.9889377,2020-04-02
은현면사무소,외부 주차장,경기도,없음,00:00,23:59,Y,N,"DC차데모, AC3상, DC콤보",1,,N,경기도 양주시 은현면 은현로 66,경기도 양주시 은현면 선암리 341-2번지,지엔텔,,37.87491101,127.0247734,2020-04-02
장흥면사무소,외부 주차장,경기도,없음,00:00,23:59,N,Y,"DC차데모, AC3상, DC콤보",,1,N,경기도 양주시 장흥면 권율로 7,경기도 양주시 장흥면 일영리 137-2번지,시그넷브이,,37.71788509,126.941067,2020-04-02
장흥관광지(하천변),외부 주차장,경기도,없음,00:00,23:59,N,Y,"DC차데모, AC3상, DC콤보",,1,N,,경기도 양주시 장흥면 석현리 386-2,한충전,,37.7304061,126.9497254,2020-04-02
고읍(만송동) 공영주차장,외부 주차장,경기도,없음,00:00,23:59,Y,N,"DC차데모, AC3상, DC콤보",1,,N,,경기도 양주시 만송동 689-4,한충전,,37.79916587,127.082951,2020-04-02
고읍(광사동) 공영주차장,외부 주차장,경기도,없음,00:00,23:59,Y,N,"DC차데모, AC3상, DC콤보",1,,N,,경기도 양주시 광사동 688,한충전,,37.7889187,127.0814539,2020-04-02
고읍(3) 공영주차장,외부 주차장,경기도,없음,00:00,23:59,Y,N,"DC차데모, AC3상, DC콤보",1,,N,,경기도 양주시 광사동 679-2,한충전,,37.79130041,127.0804253,2020-04-02
하늘물근린공원 주차장,외부 주차장,경기도,없음,00:00,23:59,Y,N,"DC차데모, AC3상, DC콤보",2,,N,경기도 양주시 고읍남로 205,경기도 양주시 광사동 659번지,지엔텔,,37.79168337,127.0847464,2020-04-02
회천2동주민센터,외부 주차장,경기도,없음,00:00,23:59,Y,N,"DC차데모, AC3상, DC콤보",1,,N,경기도 양주시 평화로1475번길 39,경기도 양주시 덕계동 467-8번지,한충전,,37.82167446,127.0467459,2020-04-02
LF스퀘어 양주점,외부 주차장,경기도,없음,00:00,23:59,Y,Y,"DC차데모, AC3상, DC콤보",1,1,N,경기도 양주시 평화로 1593,경기도 양주시 회정동 453-19번지,한충전,,37.83135155,127.0522939,2020-04-02
여성보육비젼센터 주차장,외부 주차장,경기도,없음,00:00,23:59,Y,N,"DC차데모, AC3상, DC콤보",2,,N,경기도 양주시 고암길 226,경기도 양주시 고암동 580-6번지,지엔텔,,37.83498714,127.0733518,2020-04-02
덕정지구(2) 공영주차장,외부 주차장,경기도,없음,00:00,23:59,Y,N,"DC차데모, AC3상, DC콤보",2,,N,,경기도 양주시 고암동 588-3,지엔텔,,37.83215772,127.0733189,2020-04-02
꿈나무도서관,외부 주차장,경기도,없음,00:00,23:59,N,Y,"DC차데모, AC3상, DC콤보",0,1,N,경기도 양주시 백석읍 꿈나무로 199,경기도 양주시 백석읍 오산리 548-4번지,한국환경공단,,37.7923308,126.9872751,2020-04-02
선돌공원,외부 주차장,경기도,없음,00:00,23:59,N,Y,"DC차데모, AC3상, DC콤보",0,2,N,,경기도 양주시 옥정동 627-1,한국환경공단,,37.82147737,127.080875,2020-04-02
에코스포츠센터,축구장 주차장,경기도,없음,00:00,23:59,N,Y,"DC차데모, AC3상, DC콤보",0,2,N,경기도 양주시 은현면 은남로 177,경기도 양주시 은현면 하패리 1077-4번지,한국환경공단,,37.89483848,127.0106187,2020-04-02
옥정중앙공원,외부 주차장,경기도,없음,00:00,23:59,N,Y,"DC차데모, AC3상, DC콤보",0,2,N,,경기도 양주시 옥정동 864-1571,한국환경공단,,37.82189676,127.0985935,2020-04-02
회암사지박물관,외부 주차장,경기도,없음,00:00,23:59,N,Y,"DC차데모, AC3상, DC콤보",0,1,N,경기도 양주시 회암사길 11,경기도 양주시 율정동 299-1번지,한국환경공단,,37.84122707,127.1029794,2020-04-02
덕정노외공영주차장,회천1동주민센터 뒷편,경기도,없음,00:00,23:59,N,Y,"DC차데모, AC3상, DC콤보",0,1,N,경기도 양주시 덕정길 67,경기도 양주시 덕정동 140-1번지,한국전력,031-849-1344,37.84417261,127.0661365,2020-04-02
가납공영주차장,주차장 입구 쪽,경기도,없음,00:00,23:59,N,Y,"DC차데모, AC3상, DC콤보",0,1,N,경기도 양주시 광적면 삼일로 20,경기도 양주시 광적면 가납리 709-38번지,한국전력,031-849-1344,37.82076504,126.9873534,2020-04-02
청운면사무소,경기도 양평군 청운면 용두로164번길 9-5,경기도,연중무휴,00:00,24:00,N,Y,"DC차데모, AC3상, DC콤보",0,1,N,경기도 양평군 청운면 용두로164번길 9-5,경기도 양평군 청운면 용두리 625-1번지,환경부(자동차환경협회),1661-9408,37.556477,127.710719,2019-05-30
양평군민회관,경기도 양평군 양평읍 마유산로 1,경기도,연중무휴,00:00,24:00,N,Y,"DC차데모, AC3상, DC콤보",0,1,N,경기도 양평군 양평읍 마유산로 1,경기도 양평군 양평읍 양근리 535-11번지,환경부(자동차환경협회),1661-9408,37.497041,127.484778,2019-05-30
양평읍사무소,경기도 양평군 양평읍 양근강변길7,경기도,연중무휴,00:00,24:00,N,Y,"DC차데모, AC3상, DC콤보",0,1,N,경기도 양평군 양평읍 양근강변길 7,경기도 양평군 양평읍 양근리 234번지,환경부(자동차환경협회),1661-9408,37.486425,127.493391,2019-05-30
양평휴게소(광주방향),경기도 양평군 양동면 단석리 513-2,경기도,연중무휴,00:00,24:00,N,Y,"DC차데모, AC3상, DC콤보",0,1,N,경기도 양평군 양동면 여양3로 384-27,경기도 양평군 양동면 단석리 산166-3번지,환경부(자동차환경협회),1661-9408,37.503791,127.481402,2019-05-30
양평 국립교통재활병원,경기도 양평군 양평읍 중앙로 260,경기도,연중무휴,00:00,24:00,N,Y,"DC차데모, AC3상, DC콤보",2,0,N,경기도 양평군 양평읍 중앙로 260,경기도 양평군 양평읍 도곡리 1030번지,환경부(자동차환경협회),1661-9408,37.489706,127.518901,2019-05-30
한국전력 양평지사,경기도 양평군 강상면 강남로 933,경기도,연중무휴,00:00,24:00,N,Y,"DC차데모, AC3상, DC콤보",0,1,N,경기도 양평군 강상면 강남로 933,경기도 양평군 강상면 교평리 396-1번지,환경부(자동차환경협회),1661-9408,37.487367,127.481123,2019-05-30
양평휴게소(원주방향),경기도 양평군 양동면 단석리 506-7,경기도,연중무휴,00:00,24:00,N,Y,"DC차데모, AC3상, DC콤보",0,1,N,경기도 양평군 양동면 송석2길 52,경기도 양평군 양동면 단석리 산180-3번지,환경부(자동차환경협회),1661-9408,37.402936,127.724321,2019-05-30
서종면사무소,경기도 양평군 서종면 북한강로 777,경기도,연중무휴,00:00,24:00,N,Y,"DC차데모, AC3상, DC콤보",0,1,N,경기도 양평군 서종면 북한강로 777,경기도 양평군 서종면 문호리 766-1번지,환경부(자동차환경협회),1661-9408,37.606642,127.348673,2019-05-30
양평군청,경기도 양평군 양평읍 군청앞길 2,경기도,연중무휴,00:00,24:00,N,Y,"DC차데모, AC3상, DC콤보",2,2,N,경기도 양평군 양평읍 군청앞길 2,경기도 양평군 양평읍 양근리 448-8번지,경기도(시그넷이브이),031-994-6115,37.491761,127.487484,2019-05-30
양평 대명리조트,경기도 양평군 개군면 신내길7번길 55,경기도,연중무휴,00:00,24:00,N,Y,"DC차데모, AC3상, DC콤보",2,0,N,경기도 양평군 개군면 신내길7번길 55,경기도 양평군 개군면 공세리 389-7번지,환경부(자동차환경협회),1661-9408,37.469331,127.532561,2019-05-30
오학동,외부 주차장,경기도,없음,00:00,24:00,Y,N,AC3상+DC차데모+DC콤보,1,0,N,경기도 여주시 여양로 313,경기도 여주시 오학동 254-1번지,피엔이시스템즈(PNE),1661-6501,37.3098261,127.6445098,2019-03-29
중앙동,외부 주차장,경기도,없음,00:00,24:00,Y,N,AC3상+DC차데모+DC콤보,1,0,N,경기도 여주시 여흥로11번길 26,경기도 여주시 하동 134-11번지,피엔이시스템즈(PNE),1661-6501,37.2986948,127.6289509,2019-03-29
여흥동,외부 주차장,경기도,없음,00:00,24:00,Y,N,AC3상+DC차데모+DC콤보,1,0,N,경기도 여주시 여흥로 148,경기도 여주시 상동 285-2번지,피엔이시스템즈(PNE),1661-6501,37.2949610,127.639628,2019-03-29
가남읍,외부 주차장,경기도,없음,00:00,24:00,Y,N,AC3상+DC차데모+DC콤보,1,0,N,경기도 여주시 가남읍 태평중앙1길 20,경기도 여주시 가남읍 태평리 138-8번지,피엔이시스템즈(PNE),1661-6501,37.2016581,127.5448788,2019-03-29
한글시장 주차장,한글시장주차장,경기도,없음,00:00,24:00,Y,N,AC3상+DC차데모+DC콤보,1,0,N,경기도 여주시 여흥로109번길 17,경기도 여주시 창동 46번지,피엔이시스템즈(PNE),1661-6501,37.2972749,127.6360414,2019-03-29
창동 공영주차장,창동공영주차장,경기도,없음,00:00,24:00,Y,N,AC3상+DC차데모+DC콤보,1,0,N,경기도 여주시 세종로40번길 25,경기도 여주시 창동 138-7번지,피엔이시스템즈(PNE),1661-6501,37.2952936,127.6334566,2019-03-29
청소년문화센터,외부 주차장,경기도,없음,00:00,24:00,Y,N,AC3상+DC차데모+DC콤보,1,0,N,경기도 여주시 신륵사길 6-8,경기도 여주시 천송동 545-1번지,지엔텔,1544-4297,37.2999584,127.6534898,2019-03-29
보건소,외부 주차장,경기도,없음,00:00,24:00,N,Y,AC3상+DC차데모+DC콤보,0,1,N,경기도 여주시 여흥로160번길 14,경기도 여주시 상동 357번지,한국자동차환경협회,1661-9408,37.2946119,127.6403966,2019-03-29
여주시청,외부 주차장,경기도,없음,00:00,24:00,Y,N,AC3상+DC차데모+DC콤보,1,0,N,경기도 여주시 세종로 1,경기도 여주시 홍문동 4번지,피엔이시스템즈(PNE),1661-6501,37.2982139,127.6366234,2019-03-29
여주시청,외부 주차장,경기도,없음,00:00,24:00,N,Y,AC3상+DC차데모+DC콤보,0,1,N,경기도 여주시 세종로 1,경기도 여주시 홍문동 4번지,한국전력공사,031-880-2237,37.2982139,127.6366234,2019-03-29
여주시청,외부 주차장,경기도,없음,00:00,24:00,Y,N,AC3상+DC차데모+DC콤보,2,0,N,경기도 여주시 세종로 1,경기도 여주시 홍문동 4번지,지엔텔,1544-4297,37.2982139,127.6366234,2019-03-29
전곡읍사무소 급속완속충전소,전곡읍사무소 내부 주차장,경기도,연중무휴,00:00,24:00,Y,Y,AC3상+DC,1,2,N,경기도 연천군 전곡읍 은전로 45,경기도 연천군 전곡읍 은대리 573,한국전력공사,031-960-6800,38.027621,127.063175,2018-09-10
연천군보건의료원 완속충전소,보건의료원 내부 주차장,경기도,연중무휴,00:00,24:00,Y,N,-,1,0,N,경기도 연천군 전곡읍 은대성로 95,경기도 연천군 전곡읍 은대리 577-36,한국전력공사,031-960-6800,38.023945,127.061324,2018-09-10
연천군청 급속충전소,연천군청 내부 주차장,경기도,연중무휴,00:00,24:00,N,Y,AC3상+DC차데모,0,1,N,경기도 연천군 연천읍 연천로 220,경기도 연천군 연천읍 차탄리 290-1 연천군청,한국환경공단,032-590-5108,38.0964494,127.0726556,2018-09-10
오산 중앙동행정복지센터,오산 중앙동행정복지센터,경기도,공휴일,09:00,18:00,Y,N,,1,,N,경기도 오산시 경기대로 307,경기도 오산시 오산동 850-1번지,,,37.1520029,127.0729885,2019-08-22
롯데마트 오산점,경기도 오산시 경기대로 271-0 (오산동),경기도,공휴일,10:00,22:00,N,Y,DC차데모+AC3상+DC콤보,,1,Y,경기도 오산시 경기대로 271,경기도 오산시 오산동 868번지,,,37.1494108,127.0730348,2019-08-22
신장동행정복지센터,신장동행정복지센터,경기도,공휴일,09:00,18:00,Y,N,,1,,N,경기도 오산시 문헌공로 45,경기도 오산시 금암동 495-2번지,,,37.1766424,127.0545688,2019-08-22
대원동행정복지센터,대원동행정복지센터,경기도,공휴일,09:00,18:00,Y,N,,1,,N,경기도 오산시 오산로132번길 28,경기도 오산시 원동 404-8번지,,,37.1386194208,127.0717604,2019-08-22
남촌동주민센터,남촌동주민센터,경기도,공휴일,09:00,18:00,Y,N,,1,,N,경기도 오산시 청학로 55-5,경기도 오산시 청학동 16-6번지,,,37.1545594,127.0634552152,2019-08-22
한전오산지사,주차장,경기도,공휴일,06:00,23:00,N,Y,DC차데모+AC3상+DC콤보,,1,Y,경기도 오산시 남부대로 334,경기도 오산시 원동 806번지,,,37.1354665,127.0724981,2019-08-22
오산휴게소(동탄방향),수도권제2순화고속도로(동탄방향 오산휴게소),경기도,공휴일,00:00,24:00,N,Y,DC차데모+AC3상+DC콤보,,1,Y,경기도 오산시 수도권제2순환고속도로 14,경기도 오산시 금암동 산42-1번지,,,37.1758126007,127.03829007,2019-08-22
오산휴게소(과천방향),수도권제2순화고속도로(과천방향 오산휴게소),경기도,공휴일,00:00,24:00,N,Y,DC차데모+AC3상+DC콤보,,1,Y,경기도 오산시 수도권제2순환고속도로 13,경기도 오산시 지곶동 산58-1번지,,,37.1790101615,127.036332281,2019-08-22
오산시 이마트(오산점),본관4층 A3구역,경기도,공휴일,10:00,23:00,Y,N,,1,,Y,경기도 오산시 경기대로 181,경기도 오산시 원동 360-6번지,,,37.1406271,127.0727154,2019-08-22
오산시 환경사업소,주차장,경기도,공휴일,09:00,18:00,Y,N,,1,,N,경기도 오산시 오산천로 72,경기도 오산시 오산동 750번지,,,37.1406555,127.0645264,2019-08-22
홈플러스 오산점,주차장 5층,경기도,공휴일,10:00,23:00,N,Y,DC차데모+AC3상+DC콤보,,1,Y,경기도 오산시 청학로 238,경기도 오산시 수청동 610번지,,,37.1700575405,127.0617972229,2019-08-22
오산시 동탄푸드타운,실외주차장,경기도,공휴일,00:00,24:00,Y,N,,2,,Y,경기도 오산시 외삼미로152번길 57-29,경기도 오산시 외삼미동 119-12번지,,,37.1958907,127.0659461,2019-08-22
송전휴게소,휴게소 주차장(남북대로 2616),경기도,연중무휴,00:00,23:59,N,Y,DC차데모+AC3상+DC콤보,0,1,N,경기도 용인시 처인구 이동읍 남북대로 2616,경기도 용인시 처인구 이동읍 송전리 169-5번지,한국자동차환경협회,1661-9408,37.1406036,127.2056286,2019-04-10
이마트 보라점,지하주차장 5층 503구역,경기도,"매월2,4",10:00,23:59,N,Y,DC차데모+AC3상,0,1,N,경기도 용인시 기흥구 한보라1로 92,경기도 용인시 기흥구 보라동 623-1번지,한국자동차환경협회,1661-9408,37.247516,127.105058,2019-04-10
포일 공영주차장,"의왕시 정우2길 6, 포일성당 아랫쪽",경기도,연중무휴,00:00,24:00,Y,N,AC완속,1,0,Y,경기도 의왕시 정우2길 6,경기도 의왕시 내손동 525번지,지엔텔,1544-4279,37.38283347,126.9822868,2020-03-13
국민체육센터 공영주차장,"의왕시 복지로 27, 체육센터 출입구 좌측 주차장 안쪽",경기도,연중무휴,00:00,24:00,N,Y,AC3상+DC차데모+DC콤보,0,1,N,경기도 의왕시 복지로 27,경기도 의왕시 내손동 626번지,한국전기차충전서비스,1522-1782,37.38147139,126.9747223,2020-03-13
의왕역 공영주차장,"의왕시 한백이길 7,파출소 뒤",경기도,연중무휴,00:00,24:00,Y,Y,AC3상+DC차데모+DC콤보,1,1,Y,경기도 의왕시 한백이길 7,경기도 의왕시 삼동 460-83번지,,,37.32220276,126.9492356,2020-03-13
시청 별관,"의왕시 사그내길 11, 입구 좌측",경기도,연중무휴,00:00,24:00,N,Y,DC차데모+DC콤보,0,1,N,경기도 의왕시 사그내길 11,경기도 의왕시 고천동 272-2번지,한국전기차충전서비스,1522-1782,37.34772865,126.9757506,2020-03-13
갈미한글공원,"의왕시 문화예술로 65, 보리밥집 앞",경기도,연중무휴,00:00,24:00,N,Y,DC차데모+DC콤보,0,2,N,경기도 의왕시 문화예술로 65,경기도 의왕시 내손동 228-1번지,한국전기차충전서비스,1522-1782,37.37819364,126.9845575,2020-03-13
의왕휴게소(서울방향),"의왕시 오전로 24, 하이패스 안내소 뒷편",경기도,연중무휴,00:00,24:00,N,Y,AC3상+DC차데모+DC콤보,0,1,N,경기도 의왕시 오전로 24,경기도 의왕시 왕곡동 260번지,환경부(한국자동차환경협회),1661-9408,37.34747798,126.9840571,2020-03-13
롯데마트,"의왕시 계원대학로 7-0(내손동), 롯데마트 3층 주차장 카센터 옆",경기도,"매월 둘째, 넷째 수요일 휴무",10:00,24:00,N,Y,AC3상+DC차데모+DC콤보,0,1,N,경기도 의왕시 계원대학로 7,경기도 의왕시 내손동 743번지,환경부(한국자동차환경협회),1661-9408,37.38016465,126.9736163,2020-03-13
의왕경찰서,"의왕시 오봉로 10, 주차장 출입구 왼쪽(민원실 반대편)",경기도,연중무휴,00:00,24:00,N,Y,AC3상+DC차데모+DC콤보,0,1,N,경기도 의왕시 오봉로 10,경기도 의왕시 고천동 231-1번지,에스트래픽,080-805-0010,37.34495312,126.9740588,2020-03-13
의왕시청 공영주차장,"의왕시 시청로 11, 시청 정문 우측 대주차장",경기도,연중무휴,00:00,24:00,N,Y,AC3상+DC차데모+DC콤보,0,2,N,경기도 의왕시 시청로 11,경기도 의왕시 고천동 171번지,한국전기차충전서비스,1522-1782,37.34472651,126.968924,2020-03-13
내손체육공원 주차빌딩,"의왕시 내손순환로 139, 2층 주차장 오른쪽 끝",경기도,연중무휴,00:00,24:00,N,Y,AC3상+DC차데모+DC콤보,0,1,Y,경기도 의왕시 내손순환로 139,경기도 의왕시 내손동 666번지,지엔텔,1544-4279,37.38669902,126.9835279,2020-03-13
내손1동 주민센터,"의왕시 갈미로 71, 지하주차장 출입구 왼쪽 기둥 옆",경기도,"평일(주말, 공휴일 휴무)",09:00,21:00,Y,N,AC완속,1,0,N,경기도 의왕시 갈미로 71,경기도 의왕시 내손동 787번지,포스코ICT,1600-4047,37.37819191,126.9756154,2020-03-13
내손2동 주민센터,"의왕시 복지로 109, 지하주차장 출입구 2회 좌회전 안쪽",경기도,연중무휴,00:00,24:00,Y,N,AC완속,1,0,Y,경기도 의왕시 복지로 109,경기도 의왕시 내손동 849-2번지,케이티,1522-4700,37.38763585,126.9821952,2020-03-13
의왕휴게소(의왕방향),"의왕시 오전로 24, 의왕휴게소 건물 오른쪽",경기도,연중무휴,00:00,24:00,N,Y,AC3상+DC차데모+DC콤보,0,1,N,경기도 의왕시 오전로 24,경기도 의왕시 왕곡동 260번지,환경부(한국자동차환경협회),1661-9408,37.34747798,126.9840571,2020-03-13
자연학습공원 공영주차장,"의왕시 왕송못동로 307, 자연학습공원 공영주차장 입구 오른쪽",경기도,연중무휴,00:00,24:00,N,Y,AC3상+DC차데모+DC콤보,0,1,Y,경기도 의왕시 왕송못동로 307,경기도 의왕시 월암동 543-3번지,지엔텔,1544-4279,37.30712099,126.952258,2020-03-13
청계동 주민센터,의왕시 안양판교로 232 출입구 들어가서 정면,경기도,"평일(주말, 공휴일 휴무)",00:00,24:00,Y,N,AC완속,1,0,N,경기도 의왕시 안양판교로 232,경기도 의왕시 포일동 602-15번지,케이티,1522-4700,37.38858352,126.9960841,2020-03-13
부곡체육공원,"의왕시 부곡공원길 6, 출입구쪽 첫번째 주차공간 안쪽",경기도,연중무휴,00:00,24:00,N,Y,AC3상+DC차데모+DC콤보,0,1,N,경기도 의왕시 부곡공원길 6,경기도 의왕시 월암동 421번지,한국전기차충전서비스,1522-1782,37.31411581,126.9595408,2020-03-13
장암주유소,주차장,경기도,연중무휴,00:00,23:59,N,Y,AC3상+DC차데모+DC콤보,0,1,N,경기도 의정부시 동일로 30,경기도 의정부시 장암동 380-30번지,한국자동차환경협회,1661-9408,37.692292,127.055506,2019-04-01
의정부체육관 주차장,1층 주차장 벨로드롬경기장 앞,경기도,연중무휴,00:00,23:59,Y,Y,AC3상+DC차데모+DC콤보,1,1,N,경기도 의정부시 체육로 90,경기도 의정부시 녹양동 174-1번지,지엔텔,1544-4279,37.7579125,127.0315800,2019-04-01
경기도청 북부청사,외부 주차장,경기도,연중무휴,00:00,23:59,Y,N,AC3상,1,0,N,경기도 의정부시 청사로 1,경기도 의정부시 신곡동 800번지,경기도청 북부청사,031-8030-2284,37.7467948,127.0700528,2019-04-01
홈플러스 의정부점,지상5층 주차장,경기도,"매월 2,4주 일요일",10:00,23:40,N,Y,AC3상+DC차데모,0,1,N,경기도 의정부시 청사로 38,경기도 의정부시 금오동 475-1번지 홈플러스의정부점,한국자동차환경협회,1661-9408,37.737847,127.0351108,2019-04-01
이마트 의정부점,본관6층 F구역,경기도,"매월 2,4주 일요일",10:00,23:00,Y,N,AC상,1,0,N,경기도 의정부시 민락로 210,경기도 의정부시 민락동 849번지,포스코ICT,1600-4047,37.7430345,127.1023135,2019-04-01
경기북부직할(한국전력),1층 주차장,경기도,연중무휴,06:00,23:00,N,Y,AC3상+DC차데모+DC콤보,0,2,N,경기도 의정부시 용민로19번길 80,경기도 의정부시 용현동 267-8번지,한국전력,1899-2100,37.7377851,127.080896,2019-04-01
백석천 지하2주차장,지하2층,경기도,연중무휴,00:00,23:59,N,Y,AC3상+DC차데모+DC콤보,0,1,Y,경기도 의정부시 시민로19번길 13,경기도 의정부시 의정부동 488번지,환경공단,1661-9408,37.738521,127.035707,2019-04-01
의정부시청,신관,경기도,연중무휴,00:00,23:59,Y,Y,AC3상+DC차데모+DC콤보,1,1,Y,경기도 의정부시 시민로 1,경기도 의정부시 의정부동 326-2번지,한국전기차충전서비스,1522-1782,37.738401,127.033324,2019-04-01
코스트코 의정부점,주차장,경기도,"매월 2,4주 일요일",10:00,22:00,Y,Y,AC3상+DC차데모+DC콤보,1,1,N,경기도 의정부시 용민로489번길 9,경기도 의정부시 민락동 903번지,한국전기차충전서비스,1522-1782,37.751669,127.118754,2019-04-01
맑은물사업소,주차장,경기도,연중무휴,00:00,23:59,N,Y,AC3상+DC차데모+DC콤보,0,1,N,경기도 의정부시 호국로1049번길 39,경기도 의정부시 가능동 590-24번지,지엔텔,1544-4279,37.741911,127.019519,2019-04-01
북한산국립공원 원도봉 제3주차장,주차장,경기도,연중무휴,00:00,23:59,N,Y,AC3상+DC차데모+DC콤보,0,2,N,경기도 의정부시 망월로28번길 51-106,경기도 의정부시 호원동 229-160번지,한국자동차환경협회,1661-9408,37.706711,127.037419,2019-04-01
이천시 마장면사무소,경기도 이천시 마장면 오천로 107 지상주차장,경기도,연중무휴,00:00,24:00,Y,N,,2,0,N,경기도 이천시 마장면 오천로 107,경기도 이천시 마장면 오천리 62-4번지,포스코ICT,1600-4047,37.2487484917,127.3582420148,2019-11-07
이천휴게소(하남방향),경기도 이천시 신둔면 서이천로853번길 346-129,경기도,연중무휴,00:00,24:00,N,Y,DC차데모+AC3상+DC콤보,0,1,N,경기도 이천시 신둔면 서이천로853번길 346-129,경기도 이천시 신둔면 용면리 산83-1번지,한국전력,031-630-7246,37.2941640582,127.3780790,2019-11-07
이천시 백사면사무소,경기도 이천시 백사면 현방로 65  주차장,경기도,연중무휴,00:00,24:00,Y,Y,DC차데모+AC3상+DC콤보,1,1,N,경기도 이천시 백사면 현방로 65,경기도 이천시 백사면 현방리 87-7번지,포스코ICT,1600-4047,37.3390864317,127.4907288041,2019-11-07
이천시 신둔면사무소,경기도 이천시 신둔면 경충대로 3128  주차장,경기도,연중무휴,00:00,24:00,Y,N,,1,0,N,경기도 이천시 신둔면 경충대로 3128,경기도 이천시 신둔면 수광리 153-1번지,포스코ICT,1600-4047,37.3062672125,127.4040110,2019-11-07
이천시 율면복지회관,경기도 이천시 율면 고당로138번길 5-9 주차장 왼쪽,경기도,연중무휴,00:00,24:00,Y,N,,2,0,N,경기도 이천시 율면 고당로138번길 5-9,경기도 이천시 율면 고당리 247-4번지,포스코ICT,1600-4047,37.0951320,127.5470950,2019-11-07
이천시 이천마이다스골프클럽,경기도 이천시 설성면 설가로 602 주차장,경기도,연중무휴,00:00,24:00,Y,N,,5,0,N,경기도 이천시 설성면 설가로 602,경기도 이천시 설성면 송계리 산25-1번지,포스코ICT,1600-4047,37.1769248021,127.5245449841,2019-11-07
이천시 증포동 주민센터,경기도 이천시 증신로156번길 15  주차장,경기도,연중무휴,00:00,24:00,Y,N,,1,0,N,경기도 이천시 증신로156번길 15,경기도 이천시 증포동 182-5번지,포스코ICT,1600-4047,37.2903770,127.4524841331,2019-11-07
이천시 창전동 행정복지센터,경기도 이천시 영창로163번길 22  주차장,경기도,연중무휴,00:00,24:00,Y,N,,1,0,N,경기도 이천시 영창로163번길 22,경기도 이천시 창전동 420-9번지,포스코ICT,1600-4047,37.2828630,127.4411449003,2019-11-07
종합운동장,경기도 이천시 부발읍 중부대로 1696,경기도,연중무휴,00:00,24:00,N,Y,DC차데모+AC3상+DC콤보,0,2,N,경기도 이천시 부발읍 중부대로 1696,경기도 이천시 부발읍 무촌리 52-16번지,에스트래픽,080-805-0010,37.2857894119,127.4966658787,2019-11-07
청강문화산업대학교,경기도 이천시 마장면 청강가창로 389-94 (해월리),경기도,연중무휴,00:00,24:00,Y,N,,1,0,N,경기도 이천시 마장면 청강가창로 389-94,경기도 이천시 마장면 해월리 33번지,케이티,1522-4700,37.2046384387,127.3541763921,2019-11-07
이마트 이천점,"경기도 이천시 이섭대천로 1440-50, 옥상주차장(증포동)",경기도,"매월 2, 4주 일요일",10:00,23:00,Y,N,,1,0,Y,경기도 이천시 이섭대천로 1440-50,경기도 이천시 증포동 47-4번지,포스코ICT,1600-4047,37.2939410,127.4591190660,2019-11-07
이천시청,"경기도 이천시 부악로 40, 민원주차장(중리동)",경기도,연중무휴,09:00,18:00,Y,Y,DC차데모+AC3상+DC콤보,1,1,N,경기도 이천시 부악로 40,경기도 이천시 중리동 490번지,지엔텔,1544-4279,37.2721236266,127.4350343357,2019-11-07
이천휴게소(통영방향),경기도 이천시 마장면 중부대로609번길 244-35,경기도,연중무휴,00:00,24:00,N,Y,DC차데모+AC3상+DC콤보,0,1,N,경기도 이천시 마장면 중부대로609번길 244-35,경기도 이천시 마장면 목리 142번지,한국자동차환경협회,1661-9408,37.2651360864,127.4032249480,2019-11-07
이천경찰서,경기도 이천시 부악로  32(이천시 중리동 350-1),경기도,연중무휴,00:00,24:00,N,Y,DC차데모+AC3상+DC콤보,0,1,N,경기도 이천시 부악로 32,경기도 이천시 중리동 350-1번지,에스트래픽,080-805-0010,37.2735987140,127.4347632054,2019-11-07
이천도자예술촌공공주차장,경기도 이천시 신둔면 도자예술로 105,경기도,연중무휴,00:00,24:00,Y,Y,DC차데모+AC3상+DC콤보,1,1,N,경기도 이천시 신둔면 도자예술로 105,경기도 이천시 신둔면 고척리 589-4번지,시그넷이브이,031-909-8123,37.2898162694,127.3840001632,2019-11-07
이천시 관고동 주민센터,경기도 이천시 설봉로 65  주차장,경기도,연중무휴,00:00,24:00,Y,N,,2,0,N,경기도 이천시 설봉로 65,경기도 이천시 관고동 38-1번지,포스코ICT,1600-4047,37.2823849090,127.4378830,2019-11-07
이천시 대월면사무소,경기도 이천시 대월면 사동로 1-10 본관/도서관사이 주차장,경기도,연중무휴,00:00,24:00,Y,N,,2,0,N,경기도 이천시 대월면 사동로 1-10,경기도 이천시 대월면 초지리 220번지,포스코ICT,1600-4047,37.2297003628,127.4918399937,2019-11-07
이천시 롯데아울렛(이천),경기도 이천시 호법면 프리미엄아울렛로  지하1층주차장(백자동B1D2)(단천리 864 지하1층주차장(백자동B1D2)),경기도,연중무휴,10:30,20:30,Y,Y,DC차데모+AC3상+DC콤보,2,1,N,경기도 이천시 호법면 프리미엄아울렛로 177-74,경기도 이천시 호법면 단천리 864번지,지엔텔,1544-4279,37.2422281324,127.4000910,2019-11-07
한국전력 이천지사,"경기도 이천시 이섭대천로 1264, 지상 주차장 좌측(창전동)",경기도,연중무휴,06:00,23:00,N,Y,DC차데모+AC3상+DC콤보,0,1,N,경기도 이천시 이섭대천로 1264,경기도 이천시 창전동 144-1번지,한국전력,031-630-7246,37.2832972881,127.4473763518,2019-11-07
농업테마공원,경기도 이천시 모가면 공원로 48,경기도,연중무휴,00:00,24:00,Y,Y,DC차데모+AC3상+DC콤보,2,1,N,경기도 이천시 모가면 공원로 48,경기도 이천시 모가면 어농리 871-3번지,에스트래픽,080-805-0010,37.1796062343,127.4453047085,2019-11-07
부발읍행정복지센터,경기도 이천시 부발읍 무촌로 121,경기도,연중무휴,00:00,24:00,Y,Y,부발읍행정복지센터,2,2,N,경기도 이천시 부발읍 무촌로 121,경기도 이천시 부발읍 무촌리 168-8번지,한국자동차환경협회,1661-9408,37.2835698706,127.4869280,2019-11-07
덕평휴게소(강릉방향),경기도 이천시 마장면 덕이로154번길 287-76,경기도,연중무휴,00:00,24:00,N,Y,DC차데모+AC3상+DC콤보,0,3,N,경기도 이천시 마장면 덕이로154번길 287-76,경기도 이천시 마장면 각평리 319번지,한국자동차환경협회,1661-9408,37.2413215301,127.3898083164,2019-11-07
덕평휴게소(인천방향),경기도 이천시 마장면 덕이로154번길 287-76,경기도,연중무휴,00:00,24:00,N,Y,DC차데모+AC3상+DC콤보,0,1,N,경기도 이천시 마장면 덕이로154번길 287-76,경기도 이천시 마장면 각평리 319번지,한국자동차환경협회,1661-9408,37.2413215301,127.3898083164,2019-11-07
이천시 중리동 주민센터,경기도 이천시 남천로 31,경기도,연중무휴,00:00,24:00,Y,Y,,1,3,N,경기도 이천시 남천로 31,경기도 이천시 중리동 187번지,포스코ICT,1600-4047,37.2782607965,127.4410080,2019-11-07
이천시보건소,경기도 이천시 증신로153번길 13,경기도,연중무휴,00:00,24:00,Y,N,DC차데모+AC3상+DC콤보,1,1,N,경기도 이천시 증신로153번길 13,경기도 이천시 증포동 152-2번지,한국전기차충전서비스,1522-1782,37.2889810,127.4523560,2019-11-07
장호원읍사무소,경기도 이천시 장호원읍 서동대로 8844-6,경기도,연중무휴,00:00,24:00,Y,Y,DC차데모+AC3상+DC콤보,1,1,N,경기도 이천시 장호원읍 서동대로 8844-6,경기도 이천시 장호원읍 진암리 17-21번지,지엔텔,1544-4279,37.1149424602,127.6168367125,2019-11-07
예스파크 2주차장,경기도 이천시 신둔면 도자예술로 105,경기도,연중무휴,00:00,24:00,N,Y,DC콤보,0,1,N,경기도 이천시 신둔면 도자예술로 105,경기도 이천시 신둔면 고척리 589-4번지,한국자동차환경협회,1661-9408,37.2898162694,127.3840001632,2019-11-07
마장복합휴게소,경기도 이천시 마장면 중부고속도로 82,경기도,연중무휴,00:00,24:00,N,Y,DC차데모+AC3상+DC콤보,0,1,N,경기도 이천시 마장면 중부고속도로 82,경기도 이천시 마장면 목리 산13-32번지,한국자동차환경협회,1661-9408,37.2627465326,127.4084836100,2019-11-07
롯데마트 마장휴게소점(통영방향),"경기도 이천시 마장면 중부고속도로 82, 지하주차장 100구역",경기도,연중무휴,06:00,24:00,N,Y,DC차데모+AC3상+DC콤보,0,1,N,경기도 이천시 마장면 중부고속도로 82,경기도 이천시 마장면 목리 산13-32번지,한국자동차환경협회,1661-9408,37.2627465326,127.4084836100,2019-11-07
매곡리 덕평C.C,경기도 이천시 호법면 장자터로 115,경기도,연중무휴,00:00,24:00,Y,N,,3,0,N,경기도 이천시 호법면 장자터로 115,경기도 이천시 호법면 매곡리 704-2번지,케이티,1522-4700,37.1882407761,127.4033428114,2019-11-07
설봉공원,"경기도 이천시 경충대로2709번길 128, 제1주차장(관고동)",경기도,연중무휴,00:00,24:00,N,Y,DC차데모+AC3상+DC콤보,0,1,N,경기도 이천시 경충대로2709번길 128,경기도 이천시 관고동 356번지,한국전력,031-630-7246,37.2794564620,127.4275533242,2019-11-07
이마트 이천점,"경기도 이천시 이섭대천로 1440-50, 옥상주차장(증포동)",경기도,"매월 2, 4주 일요일",10:00,23:00,N,Y,DC차데모+AC3상,0,1,Y,경기도 이천시 이섭대천로 1440-50,경기도 이천시 증포동 47-4번지,한국자동차환경협회,1661-9408,37.2939410,127.4591190660,2019-11-07
이천시 설성면사무소,경기도 이천시 설성면 설장로17번길 6-5 주차장,경기도,연중무휴,00:00,24:00,Y,N,,2,0,N,경기도 이천시 설성면 설장로17번길 6-5,경기도 이천시 설성면 금당리 126-1번지,포스코ICT,1600-4047,37.1325908582,127.5218124558,2019-11-07
이천휴게소(통영방향),경기도 이천시 마장면 중부대로609번길 244-35,경기도,연중무휴,00:00,24:00,N,Y,DC차데모+AC3상+DC콤보,0,1,N,경기도 이천시 마장면 중부대로609번길 244-35,경기도 이천시 마장면 목리 142번지,한국전력,031-630-7246,37.2651360864,127.4032249480,2019-11-07
이천휴게소(하남방향),경기도 이천시 신둔면 서이천로853번길 346-129,경기도,연중무휴,00:00,24:00,N,Y,DC차데모+AC3상+DC콤보,0,1,N,경기도 이천시 신둔면 서이천로853번길 346-129,경기도 이천시 신둔면 용면리 산83-1번지,한국자동차환경협회,1661-9408,37.2941640582,127.3780790,2019-11-07
이천시 모가면사무소,경기도 이천시 모가면 진상미로 1295 입구좌측주차장,경기도,연중무휴,00:00,24:00,Y,N,,2,0,N,경기도 이천시 모가면 진상미로 1295,경기도 이천시 모가면 진가리 114-1번지,포스코ICT,1600-4047,37.1716778273,127.4801678983,2019-11-07
파주시 이마트(파주점),경기도 파주시 당하길 10  본관3층 A구역,경기도,"매월2, 4주 수요일",00:00,23:59,Y,N,AC완속,1,0,N,경기도 파주시 당하길 10  본관3층 A구역,경기도 파주시 당하동 195-5번지 본관3층 A구역,포스코ICT,,37.746963,126.751036,2017-11-30
파주시청광장 주차장,경기도 파주시 시청로 50  파주시청 주차빌딩 잎구 앞,경기도,없음,00:00,23:59,N,Y,DC차데모+AC3상+DC콤보,1,1,N,경기도 파주시 시청로 50  파주시청 주차빌딩 잎구 앞,경기도 파주시 아동동 215-1번지 파주시청 주차빌딩 잎구 앞,환경부(한국자동차환경협회),,37.759473,126.779889,2017-11-30
두원현대서비스,경기도 파주시 조리읍 통일로 477-14,경기도,매주 일요일,09:00,18:00,Y,N,AC완속,1,0,N,경기도 파주시 조리읍 통일로 477-14,경기도 파주시 조리읍 등원리 409-13번지,현대자동차,031-948-2121,37.755556,126.801106,2017-11-30
파주시 파주신세계아울렛,경기도 파주시 탄현면 필승로 200  B동 주차장 1층 주차램프,경기도,"설날, 추석 당일",10:00,22:00,Y,N,AC완속,3,0,N,경기도 파주시 탄현면 필승로 200  B동 주차장 1층 주차램프,경기도 파주시 탄현면 법흥리 1790-8번지 B동 주차장 1층 주차램프,포스코ICT,,37.769059,126.696479,2017-11-30
파주시 홈플러스(파주운정점),경기도 파주시 청암로17번길 17 주차장 B2층,경기도,"매월2, 4주 수요일",10:00,23:59,Y,N,AC완속,6,0,N,경기도 파주시 청암로17번길 17 주차장 B2층,경기도 파주시 목동동 927번지 주차장 B2층,포스코ICT,,37.729288,126.735201,2017-11-30
홈플러스 파주문산점,"경기도 파주시 문산읍 방촌로 1759 , 옥상주차장 차량정비소 옆(당동리 880)",경기도,"매월2, 4주 수요일",10:00,22:00,N,Y,DC차데모+AC3상+DC콤보,0,1,N,"경기도 파주시 문산읍 방촌로 1759 , 옥상주차장 차량정비소 옆(당동리 880)",경기도 파주시 문산읍 당동리 880번지 옥상주차장 차량정비소 옆,한국자동차환경협회,1661-9408,37.869915,126.785434,2017-11-30
롯데슈퍼 운정점,경기도 파주시 미래로602번길 10 3F(파주시 와동동 1304-1),경기도,"매월2, 4주 수요일",00:00,23:59,N,Y,DC차데모+AC3상+DC콤보,0,1,N,경기도 파주시 미래로602번길 10 3F(파주시 와동동 1304-1),경기도 파주시 와동동 1304-1번지 3F,한국전기차충전서비스,,37.731047,126.752324,2017-11-30
파주시 이마트(파주운정점),경기도 파주시 한울로 123  본관4층 A구역,경기도,"매월2, 4주 수요일",10:00,23:00,Y,N,AC완속,2,0,N,경기도 파주시 한울로 123  본관4층 A구역,경기도 파주시 동패동 1763번지 본관4층 A구역,포스코ICT,,37.710391,126.745083,2017-11-30
신평동주민센터,장애인주차장 옆,경기도,없음,00:00,24:00,Y,N,N,1,0,N,경기도 평택시 평택3로 9,경기도 평택시 합정동 832번지,한국알박,1833-7448,36.9899382,127.0926058,2019-04-12
원평동주민센터,1층 청사 후문 입구,경기도,매주 토.일,09:00,18:00,Y,N,N,1,0,N,경기도 평택시 원평2로 9,경기도 평택시 통복동 172-6번지,(주)에버온,1661-7766,36.9893096,127.0805867,2019-04-12
통복동주민센터,정문 왼쪽,경기도,없음,00:00,24:00,Y,N,N,1,0,N,경기도 평택시 통복시장로48번길 41,경기도 평택시 통복동 541번지,(주)에버온,1661-7766,37.0008488,127.0872866,2019-04-12
세교동주민센터,주차장 맨 끝,경기도,없음,00:00,24:00,Y,N,N,1,0,N,경기도 평택시 세교3로 37,경기도 평택시 세교동 559-4번지,(주)에버온,1661-7766,36.9999483,127.0826798,2019-04-12
신장2동주민센터,관용차량 주차장 내,경기도,없음,00:00,24:00,Y,N,N,1,0,N,경기도 평택시 밀월로21번길 7,경기도 평택시 신장동 280-23번지,(주)에버온,1661-7766,37.0764050,127.0524326,2019-04-12
송탄역 공영주차장,주차장 맨 끝,경기도,없음,00:00,24:00,Y,N,N,1,0,N,경기도 평택시 신장동 264-2,경기도 평택시 신장동 264-2,한국자동차환경협희,1661-9408,37.0753821,127.045238,2019-04-12
비전 공영주차장,주차장 맨 끝,경기도,없음,00:00,24:00,Y,N,N,1,0,N,경기도 평택시 비전동 629-1,경기도 평택시 비전동 629-1,한국자동차환경협희,1661-9408,36.9971464,127.079841,2019-04-12
서탄면사무소,주차장 맨 끝,경기도,"토,일요일",09:00,18:00,Y,N,N,1,0,N,경기도 평택시 서탄면 금암2길 122,경기도 평택시 서탄면 금암리 247번지,에버온,1661-7766,37.1081608,127.0351876,2019-04-12
진위면사무소,주차장 입구(왼쪽 첫번째),경기도,없음,00:00,24:00,Y,N,N,1,0,N,경기도 평택시 진위면 봉남길 61,경기도 평택시 진위면 봉남리 229번지,주식회사 에버온,1661-7766,37.0998385,127.0910110,2019-04-12
포승읍사무소,주차장 끝,경기도,없음,09:00,18:00,Y,N,N,1,0,N,경기도 평택시 포승읍 서동대로 1174-16,경기도 평택시 포승읍 방림리 52-13번지,한국알박,1833-7448,36.9826728,126.8853642,2019-04-12
농업기술센터,농촌 문화 체험관 옆,경기도,없음,09:00,18:00,Y,N,N,1,0,N,경기도 평택시 오성면 청오로 33-58,경기도 평택시 오성면 숙성리 95-3번지,Gcharger,1544-4279,37.0131244,126.9799833,2019-04-12
이마트 평택점,3층 주차장 승강기 입구,경기도,"둘째, 넷째 일요일",00:00,24:00,Y,N,N,1,0,N,경기도 평택시 영신로 29,경기도 평택시 지제동 50번지,중앙제어,031-960-6800,37.0214553,127.066828,2019-04-12
홈플러스 송탄점,옥상 주차장(4층) 왼쪽 가장자리,경기도,"둘째, 넷째 일요일",00:00,24:00,N,Y,N,0,1,N,경기도 평택시 경기대로 1103,경기도 평택시 장당동 390-1,한국전력공사,1899-2100,37.0449989,127.0595265,2019-04-12
롯데마트 평택점,6층 주차장,경기도,"둘째, 넷째 일요일",10:00,23:00,Y,Y,Y,2,1,N,경기도 평택시 평택5로 30,경기도 평택시 합정동 968-1번지,한국자동차환경협희,1661-9408,36.9883806,127.1117300,2019-04-12
송탄출장소,주차장 맨 끝,경기도,없음,00:00,24:00,Y,Y,Y,2,2,N,경기도 평택시 경기대로 1366,경기도 평택시 서정동 800번지,한국자동차환경협희,1661-9408,37.0668137,127.0649438,2019-04-12
홈플러스 안중점,3층 경차주차장,경기도,"둘째, 넷째 일요일",10:00,24:00,N,Y,Y,0,1,N,경기도 평택시 안중읍 서동대로 1489,경기도 평택시 안중읍 현화리 637-19번지,한국전력공사,1899-2100,36.9901995,126.9163800,2019-04-12
평택시청,자원봉사센터 건물 앞,경기도,없음,00:00,24:00,Y,Y,Y,3,3,N,경기도 평택시 경기대로 245,경기도 평택시 비전동 846번지,한국전기차충전서비스(주),1522-1782,36.9923004,127.1125266,2019-04-12
평택대학교,제2피어선빌딩 주차장 내,경기도,없음,07:00,23:00,Y,Y,Y,1,1,N,경기도 평택시 서동대로 3825,경기도 평택시 용이동 605번지,㈜시그넷이브이,070-4618-6057,36.9950199,127.1332688,2019-04-12
평택도시공사,주차장 입구(왼쪽 첫번째),경기도,없음,00:00,24:00,Y,Y,Y,1,1,N,경기도 평택시 도일유통길 25,경기도 평택시 도일동 1169-5번지,한국전기차충전서비스(주),1522-1782,37.0385307,127.1006698,2019-04-12
비전1동주민센터,주차장 중간,경기도,없음,00:00,24:00,Y,N,N,1,0,N,경기도 평택시 평택2로 125,경기도 평택시 비전동 793-2번지,(주)에버온,1661-7766,37.0005420,127.0952358,2019-04-12
송북동주민센터,주차장 맨 끝,경기도,"토, 일, 공휴일",09:00,18:00,Y,N,N,1,0,N,경기도 평택시 지산2로 113,경기도 평택시 지산동 1011번지,한국알박,1833-7448,37.0815628,127.0601154,2019-04-12
지산동주민센터,주차장 맨 끝,경기도,없음,00:00,24:00,Y,N,N,1,0,N,경기도 평택시 송탄로 379,경기도 평택시 지산동 798-4번지,한국알박,1833-7448,37.0773661,127.0575917,2019-04-12
송탄동주민센터,지하주차장,경기도,"토, 일, 공휴일",09:00,18:00,Y,N,N,1,0,N,경기도 평택시 방여울로 117,경기도 평택시 가재동 20-53번지,㈜에버온,1544-0038,37.0443512,127.0950107,2019-04-12
고덕면사무소,주민자치센터와 면청사 건물 사이,경기도,"토,일,공휴일",00:00,24:00,Y,N,N,1,0,N,경기도 평택시 고덕면 고덕로 283,경기도 평택시 고덕면 좌교리 387-25번지,㈜에버온,1661-7766,37.0422764,127.0175774,2019-04-12
중앙동주민센터,주차장 오른쪽 맨 끝,경기도,없음,09:00,18:00,Y,N,N,1,0,N,경기도 평택시 서정역로 16,경기도 평택시 서정동 342번지,㈜에버온,1661-7766,37.0555206,127.0560428,2019-04-12
오성면사무소,주차장 맨 앞,경기도,없음,00:00,24:00,Y,N,N,1,0,N,경기도 평택시 오성면 숙성시장길 23,경기도 평택시 오성면 숙성리 129-1번지,한국알박,1833-7448,37.0077181,126.9803544,2019-04-12
현덕면사무소,현덕보건지소 앞 주차장 오른쪽 끝,경기도,없음,00:00,24:00,Y,N,N,1,0,N,경기도 평택시 현덕면 인광길 84,경기도 평택시 현덕면 인광리 402-12번지,㈜에버온,1661-7766,36.9673144,126.9215963,2019-04-12
청북읍사무소,행정복지센터 건물 뒤 주차장,경기도,없음,00:00,24:00,Y,N,N,1,0,N,경기도 평택시 청북읍 청원로 2,경기도 평택시 청북읍 현곡리 293-4번지,㈜에버온,1661-7766,37.0400364,126.9345780,2019-04-12
소흘읍사무소,내부주차장,경기도,연중무효,00:00,24:00,Y,N,,1,0,N,경기도 포천시 소흘읍 호국로 567,경기도 포천시 소흘읍 송우리 495번지,포스코ICT,1600-4047,37.8233806,127.1386626,2018-08-20
반월아트홀,내부주차장,경기도,연중무효,00:00,24:00,N,Y,,0,1,N,경기도 포천시 군내면 청성로111,경기도 포천시 군내면 하성북리 610번지,한국자동차환경협회,1661-9408,37.8955697,127.2119504,2018-08-20
영중면사무소,내부주차장,경기도,연중무효,00:00,24:00,N,Y,,0,1,N,경기도 포천시 영중면 양문로151,경기도 포천시 영중면 양문리 833-2번지,한국자동차환경협회,1661-9408,38.0056285,127.2453024,2018-08-20
소흘읍사무소,내부주차장,경기도,연중무효,00:00,24:00,N,Y,,0,1,N,경기도 포천시 소흘읍 호국로 567,경기도 포천시 소흘읍 송우리 495번지,한국전기차충전서비스㈜,1522-1782,37.8233806,127.1386626,2018-08-20
산정호수(상동 주차장),내부주차장,경기도,연중무효,00:00,24:00,N,Y,,0,1,N,경기도 포천시 영북면 산정호수로411번길 5,경기도 포천시 영북면 산정리 451-3번지,한국전기차충전서비스㈜,1522-1782,38.0656685,127.3157222,2018-08-20
산정호수(상동 주차장),내부주차장,경기도,연중무효,00:00,24:00,Y,N,,1,0,N,경기도 포천시 영북면 산정호수로411번길 5,경기도 포천시 영북면 산정리 451-3번지,한국전기차충전서비스㈜,1522-1782,38.0656685,127.3157222,2018-08-20
이마트(포천점),내부주차장,경기도,연중무효,00:00,24:00,Y,N,,1,0,N,경기도 포천시 호국로 915(선단동),경기도 포천시 설운동 2번지,포스코ICT(민간),1600-4047,37.8479291,127.1608341,2018-08-20
축성령휴계소,내부주차장,경기도,연중무효,00:00,24:00,N,Y,,0,1,N,경기도 포천시 소흘읍 호국로 56,경기도 포천시 소흘읍 이동교리 730번지,한국자동차환경협회,1661-9408,37.7804968,127.1187799,2018-08-20
대성자동차공업사(제2공장),내부주차장,경기도,연중무효,00:00,24:00,Y,N,,1,0,N,경기도 포천시 신북면 중앙로 350,경기도 포천시 신북면 가채리 183번지,포스코ICT,1600-4047,37.9153563,127.2146088,2018-08-20
포천시청(본관앞),내부주차장,경기도,연중무효,00:00,24:00,N,Y,,0,1,Y,경기도 포천시 중앙로 87,경기도 포천시 신읍동 58-2번지,한국전기차충전서비스㈜,1522-1782,37.8945992,127.2001794,2018-08-20
포천시청(어린이집앞),내부주차장,경기도,연중무효,00:00,24:00,Y,N,,1,0,N,경기도 포천시 중앙로 87,경기도 포천시 신읍동 58-2번지,포스코ICT,1600-4047,37.8945992,127.2001794,2018-08-20
군내면사무소,내부주차장,경기도,연중무효,00:00,24:00,Y,N,,1,0,N,경기도 포천시 군내면 청군로 3290번길 16,경기도 포천시 군내면 구읍리 192-1번지,중앙제어,031-960-6828,37.8889438,127.2176316,2018-08-20
포천농업기술센터,내부주차장,경기도,연중무효,00:00,24:00,Y,N,,1,0,N,경기도 포천시 신북면 틀못이길 11-88,경기도 포천시 신북면 기지리 647-1번지,중앙제어,031-960-6828,37.9231797,127.2257553,2018-08-20
포천시청(어린이집앞),내부주차장,경기도,연중무효,00:00,24:00,Y,N,,1,0,Y,경기도 포천시 중앙로 87,경기도 포천시 신읍동 58-2번지,포스코ICT,1600-4047,37.8945992,127.2001794,2018-08-20
포천아트밸리사업소,내부주차장,경기도,연중무효,00:00,24:00,Y,N,,1,0,N,경기도 포천시 신북면 아트밸리로 234,경기도 포천시 신북면 기지리 282번지,중앙제어,031-960-6828,37.9230477,127.2379702,2018-08-20
포천시청(차고지내),내부주차장,경기도,연중무효,00:00,24:00,Y,N,,1,0,Y,경기도 포천시 중앙로 87,경기도 포천시 신읍동 58-2번지,포천시청,031-538-2093,37.8945992,127.2001794,2018-08-20
포천시청(본관앞),내부주차장,경기도,연중무효,00:00,24:00,N,Y,,0,1,Y,경기도 포천시 중앙로 87,경기도 포천시 신읍동 58-2번지,한국전기차충전서비스㈜,1522-1782,37.8945992,127.2001794,2018-08-20
포천시청(차고지내),내부주차장,경기도,연중무효,00:00,24:00,Y,N,,1,0,Y,경기도 포천시 중앙로 87,경기도 포천시 신읍동 58-2번지,포천시청,031-538-2093,37.8945992,127.2001794,2018-08-20
포천시청(어린이집앞),내부주차장,경기도,연중무효,00:00,24:00,Y,N,,1,0,Y,경기도 포천시 중앙로 87,경기도 포천시 신읍동 58-2번지,포스코ICT,1600-4047,37.8945992,127.2001794,2018-08-20
영중면사무소,내부주차장,경기도,연중무효,00:00,24:00,Y,N,,1,0,N,경기도 포천시 영중면 영중로 151,경기도 포천시 영중면 영중로 151,에버온,1661-7766,38.00139615,127.2442563,2018-08-20
이동면사무소,내부주차장,경기도,연중무효,00:00,24:00,Y,N,,1,0,N,경기도 포천시 이동면 화동로 2048,경기도 포천시 이동면 장암리 245-3번지,에버온,1661-7766,38.0306343,127.3676294,2018-08-20
포천시청(제4별관),내부주차장,경기도,연중무효,00:00,24:00,Y,N,,1,0,N,경기도 포천시 중앙로 87,경기도 포천시 신읍동 58-2번지,중앙제어,031-960-6828,37.8945992,127.2001794,2018-08-20
군내면사무소,내부주차장,경기도,연중무효,00:00,24:00,Y,N,,1,0,N,경기도 포천시 군내면 청군로 3290번길 16,경기도 포천시 군내면 구읍리 192-1번지,에버온,1661-7766,37.8889438,127.2176316,2018-08-20
영북면사무소,내부주차장,경기도,연중무효,00:00,24:00,Y,N,,1,0,N,경기도 포천시 영북면 영북로 166,경기도 포천시 영북면 운천리 340-6번지,에버온,1661-7766,38.0889668,127.2754186,2018-08-20
청소년문화의집,내부주차장,경기도,연중무효,00:00,24:00,Y,N,,1,0,N,경기도 포천시 중앙로 87,경기도 포천시 신읍동 58-2번지,중앙제어,031-960-6828,37.8945992,127.2001794,2018-08-20
내촌면사무소,내부주차장,경기도,연중무효,00:00,24:00,Y,N,,1,0,N,경기도 포천시 내촌면 내촌로 70,경기도 포천시 내촌면 내리 368-5번지,에버온,1661-7766,37.7861468,127.2287187,2018-08-20
하남시_ 풍산동행정복지센터,행정복지센터 주차장,경기도,연중무휴,09:00,18:00,Y,N,,1,,N,경기도 하남시 하남대로 1037-4,경기도 하남시 풍산동 244-11번지,에버온,,37.54901005,127.1850614,2020-04-23
하남시_ 초이동행정복지센터,행정복지센터 주차장,경기도,연중무휴,09:00,18:00,Y,N,,1,,N,경기도 하남시 초이로 65,경기도 하남시 초이동 276-5번지,에버온,,37.53654343,127.1708655,2020-04-23
하남미사 근린공원15호 주차장,하남미사 근린공원15호 주차장,경기도,연중무휴,00:00,24:00,N,Y,DC차데모+AC3상+DC콤보,,1,N,경기도 하남시 망월동 728-9,경기도 하남시 망월동 728-9,,,37.5632340847,127.1866692481,2020-04-23
하남미사 근린공원16호 주차장,하남미사 근린공원16호 주차장,경기도,연중무휴,00:00,24:00,N,Y,DC차데모+AC3상+DC콤보,,1,N,경기도 하남시 풍산동 118-2,경기도 하남시 풍산동 118-2,,,37.5550119273,127.1899762811,2020-04-23
하남미사 수변공원3호 주차장,하남미사 수변공원3호 주차장,경기도,연중무휴,00:00,24:00,N,Y,DC차데모+AC3상+DC콤보,,1,N,경기도 하남시 풍산동 148-3,경기도 하남시 풍산동 148-3,,,37.5596261061,127.1892521605,2020-04-23
하남시_ 춘궁동주민센터,행정복지센터 주차장,경기도,연중무휴,09:00,18:00,Y,N,,1,,N,경기도 하남시 서하남로 490,경기도 하남시 춘궁동 333-2번지,에버온,,37.52215539,127.194091,2020-04-23
하남시_ 미사2동 행정복지센터,행정복지센터 주차장,경기도,연중무휴,00:00,24:00,Y,N,,1,,N,경기도 하남시 아리수로 531,경기도 하남시 망월동 981번지,포스코ICT,,37.56698328,127.185954,2020-04-23
하남시_ 신장2동 행정복지센터,행정복지센터 주차장,경기도,연중무휴,00:00,24:00,Y,N,,1,,N,경기도 하남시 대청로21번길 32,경기도 하남시 신장동 521-1번지,포스코ICT,,37.54168195,127.2139762,2020-04-23
하남시_ 감북동주민센터,행정복지센터 주차장,경기도,연중무휴,09:00,18:00,Y,N,,1,,N,경기도 하남시 감북로 39,경기도 하남시 감북동 328번지,에버온,,37.51609474,127.1616463,2020-04-23
하남시_ 위례동주민센터,행정복지센터 주차장,경기도,연중무휴,09:00,18:00,Y,N,,1,,N,경기도 하남시 위례순환로 310,경기도 하남시 학암동 668번지,에버온,,37.47710289,127.1523499,2020-04-23
한국전력 하남지사,지상주차장,경기도,연중무휴,06:00,23:00,N,Y,DC차데모+AC3상+DC콤보,,1,N,경기도 하남시 검단산로 233,경기도 하남시 창우동 523-2번지,한국전력공사,1899-2100,37.535458,127.227707,2020-04-23
이마트 하남점 충전소,이마트 하남점 5층 주차장,경기도,"둘째,넷째 수요일",10:00,24:00,Y,N,AC3상,1,,N,경기도 하남시 덕풍서로 70,경기도 하남시 덕풍동 736번지,포스코ICT,1661-9408,37.552823,127.205411,2020-04-23
하남시 신세계 스타필드,B1주차장 B38구역,경기도,연중무휴,00:00,24:00,Y,N,AC3상,6,,N,경기도 하남시 미사대로 750,경기도 하남시 신장동 616번지,포스코ICT,1600-4047,37.545394,127.223709,2020-04-23
한강유역환경청,지하주차장 입구 앞,경기도,연중무휴,07:00,24:00,N,Y,DC차데모+AC3상+DC콤보,,1,Y,경기도 하남시 미사강변한강로 229,경기도 하남시 망월동 231번지,한국자동차환경협회,1661-9408,37.569684,127.195324,2020-04-23
서하남휴게소(판교방향),휴게소 내,경기도,연중무휴,00:00,24:00,N,Y,DC차데모+AC3상+DC콤보,,1,N,경기도 하남시 서울외곽순환고속도로 19,경기도 하남시 춘궁동 212번지,한국자동차환경협회,1661-9408,37.539265,127.214892,2020-04-23
하남시_ 천현동 주민센터,행정복지센터 주차장,경기도,연중무휴,00:00,24:00,Y,N,,1,,N,경기도 하남시 검단남로 48,경기도 하남시 하산곡동 172-1번지,포스코ICT,,37.5191571,127.2239236,2020-04-23
하남시_ 신장1동 주민센터,행정복지센터 주차장,경기도,연중무휴,00:00,24:00,Y,N,,1,,N,경기도 하남시 신장1로27번길 13,경기도 하남시 신장동 446-17번지,포스코ICT,,37.5387075,127.2095551,2020-04-23
하남시_ 덕풍1동 주민센터,행정복지센터 주차장,경기도,연중무휴,00:00,24:00,Y,N,,1,,N,경기도 하남시 덕풍공원로 110,경기도 하남시 덕풍동 435-205번지,포스코ICT,,37.53498727,127.1984797,2020-04-23
하남시_ 덕풍2동 행정복지센터,행정복지센터 주차장,경기도,연중무휴,00:00,24:00,Y,N,,1,,N,경기도 하남시 덕풍공원로 12,경기도 하남시 덕풍동 693번지,포스코ICT,,37.54220491,127.1980346,2020-04-23
하남시_ 덕풍3동 행정복지센터,행정복지센터 주차장,경기도,연중무휴,00:00,24:00,Y,N,,1,,N,경기도 하남시 덕풍서로 66,경기도 하남시 덕풍동 737번지,포스코ICT,,37.55245601,127.2046477,2020-04-23
하남시_ 미사1동 행정복지센터,행정복지센터 주차장,경기도,연중무휴,09:00,21:30,Y,N,,1,,N,경기도 하남시 미사강변남로 59,경기도 하남시 망월동 1071번지,포스코ICT,,37.56020346,127.1887896,2020-04-23
홈플러스 화성향남점,경기도 화성시 향남읍 향남로 402,경기도,연중무휴,23:59,23:59,N,Y,,0,1,N,경기도 화성시 향남읍 향남로 402,경기도 화성시 향남읍 행정리 487-1번지,한국전력,,37.1307622,126.9217546,2019-04-15
동탄2수질복원센터,경기도 화성시 동탄산단7길 60,경기도,연중무휴,23:59,23:59,N,Y,,0,2,N,경기도 화성시 동탄산단7길 60,경기도 화성시 방교동 795번지,환경부,,37.1754436,127.0861965,2019-04-15
화성도쿄일렉트론코리아,"경기도 화성시 삼성1로1길 56 (석우동, 동경엘렉트론코리아(주))",경기도,연중무휴,23:59,23:59,Y,N,,2,0,N,경기도 화성시 삼성1로1길 56,경기도 화성시 석우동 24-9번지 동경엘렉트론코리아(주),케이티,,37.2189917,127.0706625,2019-04-15
동탄3동주민센터,경기도 화성시 동탄지성로 151 동탄3동주민센터(능동 1119 동탄3동주민센터),경기도,연중무휴,23:59,23:59,Y,N,,1,0,N,경기도 화성시 동탄지성로 151,경기도 화성시 능동 1119번지 동탄3동주민센터(1119 동탄3동주민센터),에버온,,37.2098885,127.0586455,2019-04-15
동탄1동주민센터,경기도 화성시 동탄반석로 195 (반송동),경기도,연중무휴,23:59,23:59,Y,N,,1,0,N,경기도 화성시 동탄반석로 195,경기도 화성시 반송동 86번지,에버온,,37.2063855,127.0718904,2019-04-15
화성시 양감면사무소,경기도 화성시 양감면 초록로7 지상1층주차장(신왕리 640-7 지상1층주차장),경기도,연중무휴,23:59,23:59,Y,N,,1,0,N,경기도 화성시 양감면 초록로 7,경기도 화성시 양감면 신왕리 640-7번지 지상1층주차장(640-7 지상1층주차장),에버온,,37.0817051,126.9464364,2019-04-15
화성시청,경기도 화성시 남양읍 시청로159,경기도,연중무휴,23:59,23:59,N,Y,,0,1,N,경기도 화성시 남양읍 시청로 159,경기도 화성시 남양읍 남양리 2000번지,환경부,,37.1992982,126.8312782,2019-04-15
송산포도휴게소(시흥방향),경기도 화성시 송산면 평택시흥고속도로25,경기도,연중무휴,23:59,23:59,N,Y,,0,1,N,경기도 화성시 송산면 평택시흥고속도로 25,경기도 화성시 송산면 고정리 349-26번지,환경부,,37.2372906,126.7572534,2019-04-15
송산포도휴게소(평택방향),경기도 화성시 송산면 평택시흥고속도로25,경기도,연중무휴,23:59,23:59,N,Y,,0,1,N,경기도 화성시 송산면 평택시흥고속도로 25,경기도 화성시 송산면 고정리 349-26번지,환경부,,37.2372906,126.7572534,2019-04-15
화성휴게소(시흥방향),경기도 화성시 팔탄면 서해안고속도로302,경기도,연중무휴,23:59,23:59,N,Y,,0,1,N,경기도 화성시 팔탄면 서해안고속도로 302,경기도 화성시 팔탄면 덕천리 산101-2번지,환경부,,37.1430809,126.8812443,2019-04-15
화성휴게소(목포방향),경기도 화성시 팔탄면 서해안고속도로301,경기도,연중무휴,23:59,23:59,N,Y,,0,1,N,경기도 화성시 팔탄면 서해안고속도로 301,경기도 화성시 팔탄면 덕천리 산102-1번지,환경부,,37.1428897,126.8793312,2019-04-15
홈플러스 병점점,경기도 화성시 경기대로985,경기도,연중무휴,23:59,23:59,N,Y,,0,1,N,경기도 화성시 경기대로 985,경기도 화성시 병점동 399-4번지,환경부,,37.2036075,127.0366752,2019-04-15
유앤아이센터,경기도 화성시 태안로145,경기도,연중무휴,23:59,23:59,N,Y,,0,1,N,경기도 화성시 태안로 145,경기도 화성시 병점동 734번지,환경부,,37.2030768,127.0332844,2019-04-15
한국전력 화성지사,경기도 화성시 마도면 마도북로403,경기도,연중무휴,23:59,23:59,Y,Y,,1,2,N,경기도 화성시 마도면 마도북로 403,경기도 화성시 마도면 석교리 243-70번지,한국전력,,37.2061617,126.7715818,2019-04-15
이마트 화성봉담점,경기도 화성시 봉담읍 효행로278,경기도,연중무휴,23:59,23:59,N,Y,,0,1,N,경기도 화성시 봉담읍 효행로 278,경기도 화성시 봉담읍 동화리 133-1번지,포스코ICT,,37.2221607,126.9721450,2019-04-15
이마트 동탄점,경기도 화성시 동탄중앙로 376,경기도,연중무휴,23:59,23:59,Y,N,,2,0,N,경기도 화성시 동탄중앙로 376,경기도 화성시 석우동 44번지,포스코ICT,,37.2143008,127.0796711,2019-04-15
사회적공동체지원센터,경기도 화성시 팔탄면 서촌길19,경기도,연중무휴,23:59,23:59,N,Y,,0,1,N,경기도 화성시 팔탄면 서촌길 19,경기도 화성시 팔탄면 구장리 530-1번지,한국전기차충전서비스,,37.1611404,126.9032363,2019-04-15
화성시종합경기타운,경기도 화성시 향남읍 향남로470,경기도,연중무휴,23:59,23:59,Y,Y,,1,2,N,경기도 화성시 향남읍 향남로 470,경기도 화성시 향남읍 도이리 산31-6번지,지엔텔,,37.1378629,126.9224110,2019-04-15
서신면사무소,경기도 화성시 서신면 궁평항로1702,경기도,연중무휴,23:59,23:59,N,Y,,0,1,N,경기도 화성시 서신면 궁평항로 1702,경기도 화성시 서신면 매화리 277번지,한국전기차충전서비스,,37.1661336,126.7088119,2019-04-15
매송면사무소,경기도 화성시 매송면 매송로43,경기도,연중무휴,23:59,23:59,N,Y,,0,1,N,경기도 화성시 매송면 매송로 43,경기도 화성시 매송면 어천리 375-2번지,한국전기차충전서비스,,37.2523489,126.9100145,2019-04-15
장안면사무소,경기도 화성시 장안면 포승장안로1460-7,경기도,연중무휴,23:59,23:59,N,Y,,0,1,N,경기도 화성시 장안면 포승장안로 1460-7,경기도 화성시 장안면 사랑리 138-14번지,한국전기차충전서비스,,37.0794500,126.8313350,2019-04-15
양감면사무소,경기도 화성시 양감면 초록로7,경기도,연중무휴,23:59,23:59,N,Y,,0,1,N,경기도 화성시 양감면 초록로 7,경기도 화성시 양감면 신왕리 640-7번지,지엔텔,,37.0817051,126.9464364,2019-04-15
한국토지주택공사 동탄사업본부,경기도 화성시 노작로 10,경기도,연중무휴,23:59,23:59,N,Y,,0,2,N,경기도 화성시 노작로 10,경기도 화성시 오산동 548-2번지,환경부,,37.1950512,127.0848101,2019-04-15
비봉영업소,경기도 화성시 봉담읍 내리 13-5 인근,경기도,연중무휴,23:59,23:59,N,Y,,0,1,N,경기도 화성시 비봉면 비봉매송로 479,경기도 화성시 비봉면 쌍학리 산30-1번지,환경부,,37.2329617,126.9026009,2019-04-15
롯데마트 신영통점,경기도 화성시 삼성1로 333 (반월동),경기도,연중무휴,23:59,23:59,N,Y,,0,2,N,경기도 화성시 삼성1로 333,경기도 화성시 반월동 123-5번지,환경부,,37.2303020,127.0664132,2019-04-15
수원농협 하나로마트 봉담점,경기도 화성시 봉담읍 동화길 81-16,경기도,연중무휴,23:59,23:59,N,Y,,0,1,N,경기도 화성시 봉담읍 동화길 81-16,경기도 화성시 봉담읍 동화리 597-1번지,한국전력,,37.2175163,126.9590440,2019-04-15
현대자동차 남양연구소,경기도 화성시 남양읍 현대기아로 103,경기도,연중무휴,23:59,23:59,Y,Y,,4,2,N,경기도 화성시 남양읍 현대기아로 103,경기도 화성시 남양읍 온석리 447-2번지,한국전기차충전서비스,,37.1604442,126.8433558,2019-04-15
궁평항수산물판매장,경기도 화성시 서신면 궁평항로 1049-24,경기도,연중무휴,23:59,23:59,Y,Y,,1,1,N,경기도 화성시 서신면 궁평항로 1049-24,경기도 화성시 서신면 궁평리 689번지,한국전기차충전서비스,,37.1163075,126.6816750,2019-04-15
경기도 종합사격장,경기도 화성시 양감면 사격장길 142,경기도,연중무휴,23:59,23:59,Y,Y,,2,2,N,경기도 화성시 양감면 사격장길 142,경기도 화성시 양감면 사창리 810-2번지,한국전기차충전서비스,,37.0935943,126.9562360,2019-04-15
근로복지공단 경기요양병원,경기도 화성시 우정읍 쌍봉로 465-4,경기도,연중무휴,23:59,23:59,N,Y,,0,2,N,경기도 화성시 우정읍 쌍봉로 465-4,경기도 화성시 우정읍 화수리 40-17번지,한국전기차충전서비스,,37.1142291,126.7964455,2019-04-15
롤링힐스호텔,경기도 화성시 남양읍 시청로 290,경기도,연중무휴,23:59,23:59,Y,N,,2,0,N,경기도 화성시 남양읍 시청로 290,경기도 화성시 남양읍 활초리 4-21번지,한국전기차충전서비스,,37.1901361,126.8386307,2019-04-15
롯데빅마켓 신영통점,경기도 화성시 삼성1로 333,경기도,연중무휴,23:59,23:59,N,Y,,0,1,N,경기도 화성시 삼성1로 333,경기도 화성시 반월동 123-5번지,한국전기차충전서비스,,37.2303020,127.0664132,2019-04-15
대웅제약,경기도 화성시 향남읍 제약공단4길 35-14,경기도,연중무휴,23:59,23:59,Y,N,,1,0,N,경기도 화성시 향남읍 제약공단4길 35-14,경기도 화성시 향남읍 상신리 906-10번지,한국전기차충전서비스,,37.0877064,126.9052108,2019-04-15
기아동탄서비스주식회사,경기도 화성시 효행로 1205-9,경기도,연중무휴,23:59,23:59,N,Y,,0,1,N,경기도 화성시 효행로 1205-9,경기도 화성시 기산동 23-1번지,기아자동차,,37.2180265,127.0550574,2019-04-15
수원남부 지점,경기도 화성시 영통로 14-10,경기도,연중무휴,23:59,23:59,Y,N,,1,0,N,경기도 화성시 영통로 14-10,경기도 화성시 반월동 88-4번지,현대자동차,,37.2329969,127.0650519,2019-04-15
LH화성서부남부사업단,경기도 화성시 태안로 159-26 화성서남부사업단 주차장 내(병점동 658번지),경기도,연중무휴,23:59,23:59,Y,N,,1,0,N,경기도 화성시 태안로 159-26,경기도 화성시 병점동 657번지 화성서남부사업단 주차장 내,지엔텔,,37.2043030,127.0303111,2019-04-15
우정읍사무소,경기도 화성시 우정읍 쌍봉로 109-14,경기도,연중무휴,23:59,23:59,N,Y,,0,1,N,경기도 화성시 우정읍 쌍봉로 109-14,경기도 화성시 우정읍 조암리 411-1번지,지엔텔,,37.0895358,126.8154420,2019-04-15
병점1동주민센터,경기도 화성시 경기대로1010번길 11 (병점동) 병점1동주민센터,경기도,연중무휴,23:59,23:59,Y,N,,1,0,N,경기도 화성시 경기대로1010번길 11,경기도 화성시 병점동 367번지 병점1동주민센터,에버온,,37.2067700,127.0371948,2019-04-15
진안동주민센터,경기도 화성시 병점4로 34 진안동주민센터(진안동 460-9),경기도,연중무휴,23:59,23:59,Y,N,,1,0,N,경기도 화성시 병점4로 34,경기도 화성시 진안동 460-9번지 진안동주민센터,에버온,,37.2132762,127.0349221,2019-04-15
화성 반월동주민센터,경기도 화성시 영통로61번길 32 화성 반월동주민센터(반월동 856),경기도,연중무휴,23:59,23:59,Y,N,,1,0,N,경기도 화성시 영통로61번길 32,경기도 화성시 반월동 856번지 반월동주민센터 화성,에버온,,37.2330802,127.0605557,2019-04-15
기배동주민센터,경기도 화성시 기안남로 62 기배동주민센터(기안동 457-21),경기도,연중무휴,23:59,23:59,Y,N,,1,0,N,경기도 화성시 기안남로 62,경기도 화성시 기안동 457-21번지 기배동주민센터,에버온,,37.2239924,126.9846512,2019-04-15
동탄2동주민센터,경기도 화성시 동탄반석로 87 (반송동) 동탄2동주민센터,경기도,연중무휴,23:59,23:59,Y,N,,1,0,N,경기도 화성시 동탄반석로 87,경기도 화성시 반송동 137번지 동탄2동주민센터,에버온,,37.1968613,127.0722196,2019-04-15
병점2동주민센터,경기도 화성시 병점3로 99 (병점동) 병점2동주민센터,경기도,연중무휴,23:59,23:59,Y,N,,1,0,N,경기도 화성시 병점3로 99,경기도 화성시 병점동 834-1번지 병점2동주민센터,에버온,,37.2114986,127.0431114,2019-04-15
주식회사 로이,경기도 화성시 우정읍 포승향남로 969 주식회사 로이 출고장,경기도,연중무휴,23:59,23:59,Y,N,,1,0,N,경기도 화성시 우정읍 포승향남로 969,경기도 화성시 우정읍 이화리 198-7번지 주식회사 로이 출고장,에버온,,37.0355096,126.8051446,2019-04-15
향남읍사무소,경기도 화성시 향남읍 발안로 89,경기도,연중무휴,23:59,23:59,Y,N,,1,0,N,경기도 화성시 향남읍 발안로 89,경기도 화성시 향남읍 행정리 287-1번지,에버온,,37.1321128,126.9203802,2019-04-15
비봉면사무소,경기도 화성시 비봉면 비봉로71번길 1,경기도,"토,일요일+법정공휴일",09:00,22:00,Y,N,,1,0,N,경기도 화성시 비봉면 비봉로71번길 1,경기도 화성시 비봉면 양노리 253-3번지,에버온,,37.2357625,126.8732635,2019-04-15
화성시 남양읍사무소,경기도 화성시 남양읍 남양성지로 192-5,경기도,연중무휴,23:59,23:59,Y,N,,1,0,N,경기도 화성시 남양읍 남양성지로 192-5,경기도 화성시 남양읍 남양리 1340번지,에버온,,37.2114875,126.8239730,2019-04-15
동탄6동주민센터,경기도 화성시 동탄산단8길 15-12 (방교동),경기도,연중무휴,23:59,23:59,Y,N,,1,0,N,경기도 화성시 동탄산단8길 15-12,경기도 화성시 방교동 828번지,에버온,,37.1732787,127.0895271,2019-04-15
마도면사무소,경기도 화성시 마도면 마도북로 389,경기도,연중무휴,23:59,23:59,Y,N,,1,0,N,경기도 화성시 마도면 마도북로 389,경기도 화성시 마도면 석교리 243-2번지,에버온,,37.2049067,126.7702564,2019-04-15
팔탄면사무소,경기도 화성시 팔탄면 구장길 14,경기도,연중무휴,23:59,23:59,Y,N,,1,0,N,경기도 화성시 팔탄면 구장길 14,경기도 화성시 팔탄면 구장리 563번지,에버온,,37.1618355,126.9047440,2019-04-15
동탄4동주민센터,경기도 화성시 동탄대로시범길 133 (청계동) 지하주차장,경기도,연중무휴,23:59,23:59,Y,N,,1,0,N,경기도 화성시 동탄대로시범길 133,경기도 화성시 청계동 530번지 지하주차장,에버온,,37.1997235,127.1122427,2019-04-15
양감면사무소,경기도 화성시 양감면 초록로 7 양감면사무소,경기도,연중무휴,23:59,23:59,Y,N,,1,0,N,경기도 화성시 양감면 초록로 7,경기도 화성시 양감면 신왕리 640-7번지 양감면사무소,에버온,,37.0817051,126.9464364,2019-04-15
우정읍사무소,경기도 화성시 우정읍 쌍봉로 109-14,경기도,연중무휴,23:59,23:59,Y,N,,1,0,N,경기도 화성시 우정읍 쌍봉로 109-14,경기도 화성시 우정읍 조암리 411-1번지,에버온,,37.0895358,126.8154420,2019-04-15
화성시 우정읍사무소,경기도 화성시 우정읍 쌍봉로 109-14 지상1층주차장,경기도,연중무휴,23:59,23:59,Y,N,,1,0,N,경기도 화성시 우정읍 쌍봉로 109-14,경기도 화성시 우정읍 조암리 411-1번지 지상1층주차장,에버온,,37.0895358,126.8154420,2019-04-15
봉담읍사무소,경기도 화성시 봉담읍 샘마을1길7,경기도,연중무휴,23:59,23:59,N,Y,,0,1,N,경기도 화성시 봉담읍 샘마을1길 7,경기도 화성시 봉담읍 상리 27-1번지,한국전기차충전서비스,,37.2199093,126.9499615,2019-04-15
송산면사무소,경기도 화성시 송산면 매봉산길12,경기도,연중무휴,23:59,23:59,N,Y,,0,1,N,경기도 화성시 송산면 매봉산길 12,경기도 화성시 송산면 삼존리 203-5번지,한국전기차충전서비스,,37.2177980,126.7389522,2019-04-15
수원여자대학교 화성캠퍼스,경기도 화성시 봉담읍 주석로 1098,경기도,연중무휴,23:59,23:59,Y,Y,,1,1,N,경기도 화성시 봉담읍 주석로 1098,경기도 화성시 봉담읍 상기리 336-26번지,한국전기차충전서비스,,37.2021313,126.9316583,2019-04-15

